Date,Open,High,Low,Close,Adj_Close,Volume
2013-01-02,13.601429,13.687143,12.955714,13.144286,13.144286,19431300
2013-01-03,13.138572,13.988571,13.075714,13.798572,13.798572,27912500
2013-01-04,13.791429,13.958571,13.648571,13.711429,13.711429,17761100
2013-01-07,13.770000,14.535714,13.731428,14.171429,14.171429,45550400
2013-01-08,14.287143,14.427143,13.828571,13.880000,13.880000,24714900
2013-01-09,13.874286,13.992857,13.507143,13.701428,13.701428,20223000
2013-01-10,13.795714,14.274285,13.671429,14.000000,14.000000,26117700
2013-01-11,14.025714,14.560000,14.000000,14.470000,14.470000,29851500
2013-01-14,14.427143,14.928572,14.365714,14.778571,14.778571,23473100
2013-01-15,14.717143,14.908571,14.435715,14.527143,14.527143,17068100
2013-01-16,14.545714,14.614285,13.822857,13.925714,13.925714,28014700
2013-01-17,14.012857,14.085714,13.678572,13.957143,13.957143,16221100
2013-01-18,14.340000,14.562857,14.097143,14.167143,14.167143,35999600
2013-01-22,14.235714,14.235714,13.798572,13.972857,13.972857,22773100
2013-01-23,13.875714,14.832857,13.860000,14.751429,14.751429,74235000
2013-01-24,20.570000,21.309999,19.945715,20.980000,20.980000,118805400
2013-01-25,20.809999,24.668571,20.801428,24.222857,24.222857,191445800
2013-01-28,24.644285,25.321428,22.969999,23.158571,23.158571,109104800
2013-01-29,22.590000,24.268572,22.375713,24.160000,24.160000,59542000
2013-01-30,24.784286,25.071428,23.237143,23.957144,23.957144,48062700
2013-01-31,23.871429,24.142857,22.902857,23.605715,23.605715,35601300
2013-02-01,24.285715,24.714285,23.411428,23.542856,23.542856,50358000
2013-02-04,23.254286,25.018572,23.254286,24.962856,24.962856,50969100
2013-02-05,24.625713,25.412857,24.428572,24.912857,24.912857,57056300
2013-02-06,25.000000,26.478571,24.935715,26.344286,26.344286,67190900
2013-02-07,26.535715,26.982857,25.505714,25.994286,25.994286,53086600
2013-02-08,25.962856,26.280001,25.715714,25.852858,25.852858,25657800
2013-02-11,25.568571,26.007143,24.971428,25.412857,25.412857,29325100
2013-02-12,25.808571,26.222857,25.101429,25.421429,25.421429,34399400
2013-02-13,25.842857,26.628571,25.665714,26.610001,26.610001,40929000
2013-02-14,26.755714,27.121429,26.384285,26.771429,26.771429,31979500
2013-02-15,26.938572,27.142857,26.608572,27.072857,27.072857,26652500
2013-02-19,27.285715,28.167143,27.164286,28.064285,28.064285,34138300
2013-02-20,28.225714,28.231428,26.642857,26.731428,26.731428,34996500
2013-02-21,26.571428,27.457144,26.071428,26.735714,26.735714,36894200
2013-02-22,26.245714,26.255714,25.490000,25.694286,25.694286,38971100
2013-02-25,25.855715,26.728571,25.064285,25.617144,25.617144,52164700
2013-02-26,25.799999,26.459999,25.085714,26.298571,26.298571,33882100
2013-02-27,26.225714,26.571428,25.794285,26.331429,26.331429,22626800
2013-02-28,26.258572,27.447144,26.215714,26.868572,26.868572,34293700
2013-03-01,26.730000,27.191429,26.601429,27.052856,27.052856,21451500
2013-03-04,26.954287,27.154285,25.237143,25.887142,25.887142,47824000
2013-03-05,26.381428,26.472857,25.440001,25.961428,25.961428,32326700
2013-03-06,26.021429,26.422857,25.654285,26.134285,26.134285,17435600
2013-03-07,25.714285,26.071428,25.165714,25.937143,25.937143,28695800
2013-03-08,26.064285,26.549999,25.815714,26.385714,26.385714,23513000
2013-03-11,26.285715,26.360001,25.572857,25.778572,25.778572,21015400
2013-03-12,25.622858,26.309999,25.607143,26.015715,26.015715,21151900
2013-03-13,26.771429,27.884285,26.678572,27.480000,27.480000,53898600
2013-03-14,27.527143,27.527143,26.724285,26.910000,26.910000,28450800
2013-03-15,27.035715,27.141428,26.364286,26.407143,26.407143,20667500
2013-03-18,25.911428,26.681429,25.792856,26.512857,26.512857,18073300
2013-03-19,26.571428,26.678572,25.607143,25.910000,25.910000,19873700
2013-03-20,26.088572,26.264286,25.775715,26.150000,26.150000,11132100
2013-03-21,26.057142,26.771429,25.995714,25.998571,25.998571,18804100
2013-03-22,26.157143,26.265715,25.642857,25.900000,25.900000,14189000
2013-03-25,26.061428,26.405714,25.681429,25.827143,25.827143,15024800
2013-03-26,26.285715,27.520000,26.228571,27.230000,27.230000,46817400
2013-03-27,27.091429,28.151428,26.904285,27.177143,27.177143,40475400
2013-03-28,27.250000,27.557142,26.942858,27.040001,27.040001,19588100
2013-04-01,27.278572,27.357143,25.924286,26.061428,26.061428,22947400
2013-04-02,26.271429,26.454287,25.157143,25.241428,25.241428,32280500
2013-04-03,25.292856,25.475714,23.465714,24.248571,24.248571,75357800
2013-04-04,23.910000,24.304285,23.401428,23.812857,23.812857,34460300
2013-04-05,23.360001,24.357143,23.218571,23.522858,23.522858,32512900
2013-04-08,23.690001,23.757143,22.714285,23.294285,23.294285,31745000
2013-04-09,23.355715,24.481428,23.150000,24.194286,24.194286,34045900
2013-04-10,24.000000,24.207144,23.558571,23.724285,23.724285,29709400
2013-04-11,24.118572,24.771429,24.117144,24.715714,24.715714,33056100
2013-04-12,25.284286,25.377142,24.457144,24.742857,24.742857,37797900
2013-04-15,25.080000,26.049999,24.971428,25.214285,25.214285,46529000
2013-04-16,24.995714,25.389999,24.610001,25.121429,25.121429,29711500
2013-04-17,24.905714,25.341429,24.038572,24.194286,24.194286,27545700
2013-04-18,24.428572,24.557142,23.114286,23.402857,23.402857,23121000
2013-04-19,23.642857,24.167143,23.290001,23.338572,23.338572,20163500
2013-04-22,23.674286,25.214285,23.674286,24.910000,24.910000,84870100
2013-04-23,30.795713,31.340000,29.930000,30.998571,30.998571,114860900
2013-04-24,31.085714,32.042858,30.459999,30.959999,30.959999,46898600
2013-04-25,30.997143,31.255714,30.467142,30.535715,30.535715,29274000
2013-04-26,31.000000,31.018572,30.360001,30.792856,30.792856,21790300
2013-04-29,30.944286,31.104286,30.287144,30.715714,30.715714,20787200
2013-04-30,30.657143,31.392857,30.605715,30.867144,30.867144,25071200
2013-05-01,30.845715,31.055714,30.235714,30.415714,30.415714,18359600
2013-05-02,30.462856,30.778572,30.027143,30.641428,30.641428,18328800
2013-05-03,30.825714,31.175714,30.385714,30.492857,30.492857,15431500
2013-05-06,29.947144,30.350000,29.145714,30.098572,30.098572,31731000
2013-05-07,29.825714,30.074286,29.371429,29.464285,29.464285,17079300
2013-05-08,29.275715,30.057142,29.218571,29.801428,29.801428,17623200
2013-05-09,29.718571,31.268572,29.502857,30.915714,30.915714,36108800
2013-05-10,30.915714,31.392857,30.651428,31.098572,31.098572,18844700
2013-05-13,31.024286,32.812859,31.020000,32.768570,32.768570,41357400
2013-05-14,33.141430,33.798573,32.971428,33.424286,33.424286,38535700
2013-05-15,34.209999,35.061428,33.975716,34.771427,34.771427,36029700
2013-05-16,35.278572,35.549999,33.599998,33.861427,33.861427,28053200
2013-05-17,34.075714,34.678570,33.714287,34.142857,34.142857,20141100
2013-05-20,34.062859,34.521427,33.822857,34.221428,34.221428,14765800
2013-05-21,34.291428,34.414288,33.571430,33.869999,33.869999,11491200
2013-05-22,33.485714,34.028572,32.377144,32.651428,32.651428,21769300
2013-05-23,32.242859,32.599998,31.650000,32.311428,32.311428,16198000
2013-05-24,32.175713,32.714287,32.071430,32.677143,32.677143,11808300
2013-05-28,33.107143,33.708572,30.425714,30.598572,30.598572,39525500
2013-05-29,30.650000,31.625713,29.987143,30.762857,30.762857,34101900
2013-05-30,30.861429,31.857143,30.221428,31.808571,31.808571,24087700
2013-05-31,32.177143,32.797142,32.007141,32.321430,32.321430,25416300
2013-06-03,32.435715,32.500000,31.081429,31.709999,31.709999,21270900
2013-06-04,31.445715,32.507141,31.224285,32.187141,32.187141,23006900
2013-06-05,31.884285,32.571430,31.200001,31.922857,31.922857,33096000
2013-06-06,31.731428,32.200001,30.571428,31.105715,31.105715,26069400
2013-06-07,31.234285,31.545713,30.807142,31.459999,31.459999,15299200
2013-06-10,31.861429,31.904285,30.865715,31.561428,31.561428,13812400
2013-06-11,31.121429,31.467142,30.542856,30.637142,30.637142,14213500
2013-06-12,30.832857,30.832857,29.552856,29.662857,29.662857,19108600
2013-06-13,29.712856,30.792856,29.392857,30.770000,30.770000,18511500
2013-06-14,30.681429,31.041430,30.331429,30.570000,30.570000,12495700
2013-06-17,32.220001,32.928570,31.964285,32.747143,32.747143,35851200
2013-06-18,32.891430,33.000000,32.342857,32.689999,32.689999,17476900
2013-06-19,32.571430,33.697144,32.515713,33.187141,33.187141,22353100
2013-06-20,32.781429,33.000000,31.505714,31.931429,31.931429,21116200
2013-06-21,32.150002,32.340000,30.600000,30.985714,30.985714,23398200
2013-06-24,30.428572,31.297142,29.857143,30.799999,30.799999,17896200
2013-06-25,30.281429,30.500000,29.651428,30.414286,30.414286,20918800
2013-06-26,30.650000,31.178572,30.117144,30.299999,30.299999,18834200
2013-06-27,30.415714,30.961428,29.942858,30.709999,30.709999,18326700
2013-06-28,30.610001,30.900000,30.007143,30.155714,30.155714,19581100
2013-07-01,30.517143,32.189999,30.285715,32.040001,32.040001,24517500
2013-07-02,32.175713,32.495716,31.142857,31.637142,31.637142,17730300
2013-07-03,31.731428,32.000000,31.278572,31.558571,31.558571,8625400
2013-07-05,31.727142,32.178570,31.332857,32.157143,32.157143,9957500
2013-07-08,32.425713,33.605713,32.215714,33.299999,33.299999,24289300
2013-07-09,33.577145,35.344284,33.552856,35.340000,35.340000,35509600
2013-07-10,35.078571,35.271427,34.172855,34.831429,34.831429,22578500
2013-07-11,35.428570,35.599998,34.402859,34.881428,34.881428,21146300
2013-07-12,35.118572,36.775715,35.107143,36.751427,36.751427,34238400
2013-07-15,37.057144,37.121429,36.018570,36.854286,36.854286,20612900
2013-07-16,36.755714,38.052856,36.671429,37.211430,37.211430,33356400
2013-07-17,37.320000,38.322857,36.952858,38.274284,38.274284,19510400
2013-07-18,38.615715,38.615715,37.714287,38.058571,38.058571,20487600
2013-07-19,38.204285,38.278572,37.597141,37.797142,37.797142,18120200
2013-07-22,38.121429,38.392857,36.731430,37.422855,37.422855,47313700
2013-07-23,35.914288,37.461430,35.171429,35.751427,35.751427,76829200
2013-07-24,35.674286,36.035713,34.314285,34.471428,34.471428,33409600
2013-07-25,34.365715,35.380001,34.272858,35.248573,35.248573,19634300
2013-07-26,34.945713,35.282856,34.401428,35.187141,35.187141,17826900
2013-07-29,35.151428,35.810001,34.642857,34.994286,34.994286,13215300
2013-07-30,35.057144,35.415714,34.544285,34.822857,34.822857,10890600
2013-07-31,34.772858,35.299999,34.562859,34.925713,34.925713,13120800
2013-08-01,35.220001,35.714287,34.938572,35.588570,35.588570,14139300
2013-08-02,35.619999,35.619999,34.971428,35.168571,35.168571,13879600
2013-08-05,34.844284,36.271427,34.482857,36.262856,36.262856,22962100
2013-08-06,36.278572,36.799999,35.728573,36.557144,36.557144,20413400
2013-08-07,36.337143,36.781429,35.522858,35.601429,35.601429,16328900
2013-08-08,35.981430,36.271427,35.492859,35.771427,35.771427,14800100
2013-08-09,35.712856,36.244286,35.685715,36.107143,36.107143,12322800
2013-08-12,35.897144,36.714287,35.774284,36.657143,36.657143,17804500
2013-08-13,36.950001,37.457142,36.180000,37.027142,37.027142,21940800
2013-08-14,36.900002,37.684284,36.860001,37.401428,37.401428,17399900
2013-08-15,37.000000,37.212856,35.908573,36.201427,36.201427,16629200
2013-08-16,36.172855,37.164288,35.875713,36.981430,36.981430,21354200
2013-08-19,36.857143,37.642857,36.821430,37.111427,37.111427,15497300
2013-08-20,37.561428,39.077145,37.500000,39.041428,39.041428,30140600
2013-08-21,38.984287,39.235714,38.214287,38.624287,38.624287,21258300
2013-08-22,38.931427,39.065716,38.318573,38.535713,38.535713,9961700
2013-08-23,38.578571,39.770000,38.431427,39.765713,39.765713,22285200
2013-08-26,39.444286,41.419998,39.148571,40.388573,40.388573,31017700
2013-08-27,39.878571,40.840000,39.214287,39.434284,39.434284,23138500
2013-08-28,39.808571,40.714287,39.485714,40.480000,40.480000,19355700
2013-08-29,40.575714,41.461430,40.548573,41.121429,41.121429,19059600
2013-08-30,41.178570,41.261429,40.421429,40.558571,40.558571,15149400
2013-09-03,41.061428,41.529999,40.650002,41.285713,41.285713,19969600
2013-09-04,41.262856,41.865715,40.998573,41.775715,41.775715,19701500
2013-09-05,42.400002,42.704285,42.060001,42.158573,42.158573,19072200
2013-09-06,42.332859,42.358570,41.457142,41.648571,41.648571,17698800
2013-09-09,41.821430,42.185715,41.468571,42.021427,42.021427,13840400
2013-09-10,42.500000,44.748573,42.401428,44.722858,44.722858,36682100
2013-09-11,44.820000,44.882858,43.411430,44.042858,44.042858,29940400
2013-09-12,43.119999,43.778572,42.621429,43.058571,43.058571,21947800
2013-09-13,43.142857,43.714287,42.741428,43.664288,43.664288,15029700
2013-09-16,44.285713,44.312859,43.114285,43.165714,43.165714,14055300
2013-09-17,43.148571,43.322857,42.528572,42.792858,42.792858,18200700
2013-09-18,42.708572,43.954285,42.588570,43.845715,43.845715,13739600
2013-09-19,44.052856,44.107143,43.430000,43.642857,43.642857,17449600
2013-09-20,43.691429,45.127144,43.660000,44.832859,44.832859,30791600
2013-09-23,45.770000,45.770000,42.788570,43.148571,43.148571,32030600
2013-09-24,43.042858,44.200001,42.907143,43.784286,43.784286,18780300
2013-09-25,44.028572,44.400002,43.437141,43.877144,43.877144,14639100
2013-09-26,44.005714,44.927143,43.928570,44.787144,44.787144,12460700
2013-09-27,44.394287,44.788570,44.242859,44.628571,44.628571,8299200
2013-09-30,43.959999,44.592857,43.599998,44.172855,44.172855,12528600
2013-10-01,44.967144,46.385715,44.857143,46.374287,46.374287,29693300
2013-10-02,46.012856,47.657143,45.945713,47.247143,47.247143,30583700
2013-10-03,47.287144,47.785713,45.435715,45.959999,45.959999,24613400
2013-10-04,46.240002,46.900002,45.505714,46.751427,46.751427,16814000
2013-10-07,46.291428,46.709999,45.450001,45.451427,45.451427,14634900
2013-10-08,45.612858,45.931427,42.795715,43.188572,43.188572,28678300
2013-10-09,42.889999,42.939999,40.400002,41.204285,41.204285,41948900
2013-10-10,43.000000,43.918571,42.342857,43.427143,43.427143,30695000
2013-10-11,43.472858,43.944286,42.875713,42.978573,42.978573,19200300
2013-10-14,44.372856,46.467144,43.714287,46.337143,46.337143,45659600
2013-10-15,46.442856,46.761429,45.619999,45.955715,45.955715,26848500
2013-10-16,45.730000,46.500000,45.465714,46.125713,46.125713,18843300
2013-10-17,46.029999,47.172855,45.665714,47.157143,47.157143,19272400
2013-10-18,47.714287,48.068573,46.799999,47.642857,47.642857,25454800
2013-10-21,48.988571,50.774284,48.585712,50.712856,50.712856,65090200
2013-10-22,55.405716,55.594284,45.928570,46.074287,46.074287,181099800
2013-10-23,45.331429,47.884285,45.285713,47.177143,47.177143,58376500
2013-10-24,47.348572,48.121429,46.237144,47.317142,47.317142,33559400
2013-10-25,47.285713,48.171429,46.558571,46.861427,46.861427,24062500
2013-10-28,46.430000,47.279999,44.544285,44.857143,44.857143,34260800
2013-10-29,45.509998,46.767143,44.171429,46.757141,46.757141,30936500
2013-10-30,46.959999,46.990002,45.088570,45.448570,45.448570,21640500
2013-10-31,45.444286,46.664288,45.099998,46.068573,46.068573,18489800
2013-11-01,46.975716,47.642857,46.557144,47.038570,47.038570,22020600
2013-11-04,47.278572,48.255714,46.450001,48.228573,48.228573,21919100
2013-11-05,47.934284,48.914288,47.578571,48.785713,48.785713,17289300
2013-11-06,48.498573,49.195713,47.541428,47.947144,47.947144,20733300
2013-11-07,48.428570,48.524284,46.451427,46.694286,46.694286,20007400
2013-11-08,46.702858,47.942856,46.502857,47.842857,47.842857,19448800
2013-11-11,47.535713,48.500000,46.945713,48.272858,48.272858,16815400
2013-11-12,48.025715,48.500000,47.335712,47.675713,47.675713,12231800
2013-11-13,47.602856,47.922855,47.014286,47.897144,47.897144,11967900
2013-11-14,47.970001,49.142857,47.874287,48.938572,48.938572,20104700
2013-11-15,49.228573,49.984287,49.011429,49.965714,49.965714,20152300
2013-11-18,50.000000,50.070000,48.500000,48.824287,48.824287,20247500
2013-11-19,48.681427,49.545715,47.748573,48.184284,48.184284,17057600
2013-11-20,49.049999,49.478573,48.235714,48.502857,48.502857,19481700
2013-11-21,48.891430,49.811428,48.810001,49.785713,49.785713,15989400
2013-11-22,49.832859,50.085712,49.142857,49.692856,49.692856,14202300
2013-11-25,49.557144,50.418571,49.287144,50.034286,50.034286,13984600
2013-11-26,50.071430,50.922855,49.652859,50.742859,50.742859,14683200
2013-11-27,51.015713,51.978573,50.505714,51.784286,51.784286,16832900
2013-11-29,52.007141,52.542858,51.858570,52.257141,52.257141,8388100
2013-12-02,52.125713,52.565716,51.372856,51.988571,51.988571,11675300
2013-12-03,51.698570,51.939999,50.928570,51.848572,51.848572,13400800
2013-12-04,51.512856,52.664288,50.892857,50.895714,50.895714,19395600
2013-12-05,51.114285,51.590000,50.484287,51.151428,51.151428,13793500
2013-12-06,51.577145,51.618572,50.285713,50.634285,50.634285,12075700
2013-12-09,50.738571,51.410000,50.515713,50.810001,50.810001,11718700
2013-12-10,50.714287,52.062859,50.474285,51.871429,51.871429,14089600
2013-12-11,52.052856,53.022858,51.745716,51.997143,51.997143,20066900
2013-12-12,51.952858,53.548573,51.935715,53.332859,53.332859,21318500
2013-12-13,53.735714,53.857143,52.687141,52.709999,52.709999,17854900
2013-12-16,52.854286,53.000000,52.035713,52.330002,52.330002,13911100
2013-12-17,52.392857,53.957142,52.324287,53.552856,53.552856,18448500
2013-12-18,53.408573,53.857143,52.358570,53.748573,53.748573,19881400
2013-12-19,53.457142,54.265713,53.335712,53.820000,53.820000,13849500
2013-12-20,53.785713,54.241428,53.477142,53.667141,53.667141,18817400
2013-12-23,54.098572,54.775715,53.804287,54.368572,54.368572,12624500
2013-12-24,54.394287,54.851429,53.925713,54.055714,54.055714,5577600
2013-12-26,54.015713,54.415714,53.689999,53.847141,53.847141,12268900
2013-12-27,53.872856,54.107143,52.258572,52.500000,52.500000,16948400
2013-12-30,52.517143,52.791428,51.291428,52.427143,52.427143,15075200
2013-12-31,52.214287,52.735714,51.947144,52.595715,52.595715,10516800
2014-01-02,52.401428,52.511429,51.542858,51.831429,51.831429,12325600
2014-01-03,52.000000,52.495716,51.842857,51.871429,51.871429,10817100
2014-01-06,51.889999,52.044285,50.475716,51.367142,51.367142,15501500
2014-01-07,49.684284,49.698570,48.152859,48.500000,48.500000,36167600
2014-01-08,48.104286,49.425713,48.074287,48.712856,48.712856,20001100
2014-01-09,48.824287,49.139999,47.857143,48.150002,48.150002,17007200
2014-01-10,48.295715,48.377144,47.218571,47.448570,47.448570,16237900
2014-01-13,47.304287,49.810001,47.304287,48.115715,48.115715,27237000
2014-01-14,48.777142,48.799999,47.509998,48.279999,48.279999,19740000
2014-01-15,47.857143,48.367142,45.581429,47.197144,47.197144,40432000
2014-01-16,46.915714,47.695713,46.002857,47.382858,47.382858,21135800
2014-01-17,47.438572,47.831429,46.891430,47.148571,47.148571,16417100
2014-01-21,47.461430,47.495716,45.750000,46.958572,46.958572,25220300
2014-01-22,47.071430,47.777142,46.764286,47.675713,47.675713,48342000
2014-01-23,55.342857,56.518570,53.927143,55.531429,55.531429,91280000
2014-01-24,54.811428,55.814285,54.768570,55.154285,55.154285,35466900
2014-01-27,55.341427,55.928570,52.937141,54.461430,54.461430,32526900
2014-01-28,54.474285,58.201427,54.394287,58.110001,58.110001,43590400
2014-01-29,57.588570,58.191429,56.864285,57.202858,57.202858,28968100
2014-01-30,58.157143,58.455715,57.358570,57.810001,57.810001,18379200
2014-01-31,57.472858,58.914288,57.471428,58.475716,58.475716,23625000
2014-02-03,58.842857,58.878571,57.245716,57.768570,57.768570,20145300
2014-02-04,57.921429,58.361427,56.715714,57.987144,57.987144,18066300
2014-02-05,57.592857,58.250000,56.857143,57.774284,57.774284,16762900
2014-02-06,58.060001,58.701427,57.202858,58.272858,58.272858,12852000
2014-02-07,59.062859,61.500000,58.651428,61.425713,61.425713,32921000
2014-02-10,61.347141,61.767143,60.611427,61.491428,61.491428,13812400
2014-02-11,61.422855,62.251427,60.787144,61.998573,61.998573,13667500
2014-02-12,62.111427,62.128571,60.791428,61.275715,61.275715,15673000
2014-02-13,60.812859,62.784286,60.714287,62.364285,62.364285,18700500
2014-02-14,62.437141,62.528572,61.669998,62.215714,62.215714,11985400
2014-02-18,62.422855,63.034286,61.142857,62.407143,62.407143,15507800
2014-02-19,61.667141,62.321430,61.138573,61.175713,61.175713,16031400
2014-02-20,61.478573,62.538570,61.308571,62.135715,62.135715,11965100
2014-02-21,62.671429,62.671429,61.378571,61.747143,61.747143,13483400
2014-02-24,62.209999,64.241432,61.214287,63.857143,63.857143,26043500
2014-02-25,64.285713,65.398575,63.571430,64.718575,64.718575,18700500
2014-02-26,65.128571,65.142860,63.714287,64.112854,64.112854,15010100
2014-02-27,63.977142,64.875717,63.977142,64.604286,64.604286,10304700
2014-02-28,64.732857,64.885712,63.000000,63.661430,63.661430,15751400
2014-03-03,63.027142,63.678570,62.585712,63.655716,63.655716,13528200
2014-03-04,64.417145,65.000000,63.655716,64.997147,64.997147,12387900
2014-03-05,64.855713,65.262856,64.558571,64.785713,64.785713,10868900
2014-03-06,64.991432,65.428574,64.141426,64.358574,64.358574,11809000
2014-03-07,64.867142,64.934288,63.644287,64.052856,64.052856,11573800
2014-03-10,64.067146,64.111427,61.728573,62.849998,62.849998,15439200
2014-03-11,63.234287,63.811428,62.235714,62.497143,62.497143,10448200
2014-03-12,61.954285,62.785713,61.382858,62.368572,62.368572,12134500
2014-03-13,62.815716,62.897144,61.182858,61.437141,61.437141,11390400
2014-03-14,61.104286,62.141430,60.428570,60.641430,60.641430,14989100
2014-03-17,61.169998,61.542858,60.330002,60.388573,60.388573,10695300
2014-03-18,60.338570,60.894287,59.500000,60.035713,60.035713,14688100
2014-03-19,59.981430,60.778572,59.580002,60.012856,60.012856,10531500
2014-03-20,59.952858,61.742859,59.928570,60.610001,60.610001,14494900
2014-03-21,60.871429,61.191429,57.962856,57.998573,57.998573,26770800
2014-03-24,57.927143,58.064285,52.657143,54.128571,54.128571,42483700
2014-03-25,54.142857,54.990002,52.250000,52.977142,52.977142,30356900
2014-03-26,53.287144,53.921429,52.367142,53.182858,53.182858,27152300
2014-03-27,53.001427,53.975716,51.647144,52.025715,52.025715,28672000
2014-03-28,51.459999,52.714287,50.821430,51.267143,51.267143,24699500
2014-03-31,51.644287,52.408573,49.982857,50.290001,50.290001,22125600
2014-04-01,50.250000,52.178570,50.248573,52.098572,52.098572,21338800
2014-04-02,52.237144,53.007141,51.185715,51.840000,51.840000,24194100
2014-04-03,51.618572,52.157143,50.014286,50.669998,50.669998,21983500
2014-04-04,50.778572,50.857143,47.982857,48.187141,48.187141,34958000
2014-04-07,48.644287,49.741428,47.301430,48.285713,48.285713,37351300
2014-04-08,48.578571,50.112858,48.341427,49.841427,49.841427,25761400
2014-04-09,50.147144,50.557144,49.021427,50.432858,50.432858,20511400
2014-04-10,50.639999,51.068573,47.715714,47.818573,47.818573,24871000
2014-04-11,47.257141,47.831429,46.230000,46.672855,46.672855,30146200
2014-04-14,47.555714,47.857143,46.505714,47.368572,47.368572,17994200
2014-04-15,47.011429,47.367142,44.585712,46.610001,46.610001,30799300
2014-04-16,47.292858,47.709999,46.194286,47.344284,47.344284,16114700
2014-04-17,48.108570,49.961430,47.500000,49.391430,49.391430,32116000
2014-04-21,49.900002,49.914288,48.328571,49.784286,49.784286,47892600
2014-04-22,53.804287,54.411430,52.118572,53.271427,53.271427,64702400
2014-04-23,51.818573,52.500000,50.428570,50.500000,50.500000,40285000
2014-04-24,50.357143,50.842857,47.828571,49.152859,49.152859,30639000
2014-04-25,48.208572,48.772858,46.000000,46.011429,46.011429,33071500
2014-04-28,45.435715,45.842857,42.785713,44.887142,44.887142,47123300
2014-04-29,44.605713,46.375713,44.575714,45.695713,45.695713,23132900
2014-04-30,45.417141,46.057144,44.321430,46.005714,46.005714,23618700
2014-05-01,46.292858,49.384285,46.150002,48.074287,48.074287,37001300
2014-05-02,48.215714,49.128571,47.721428,48.664288,48.664288,26194700
2014-05-05,48.295715,49.354286,48.014286,49.197144,49.197144,20330800
2014-05-06,49.102856,49.674286,46.520000,46.598572,46.598572,22722700
2014-05-07,46.590000,46.834286,45.029999,45.791428,45.791428,25680900
2014-05-08,45.308571,47.388573,44.908573,45.951427,45.951427,21168700
2014-05-09,46.011429,47.134285,45.335712,46.935715,46.935715,17968300
2014-05-12,47.265713,49.361427,47.217144,49.349998,49.349998,21395500
2014-05-13,49.207142,50.610001,48.677143,49.591427,49.591427,20832000
2014-05-14,49.578571,50.628571,49.437141,50.268570,50.268570,19891900
2014-05-15,50.121429,50.255714,48.482857,49.169998,49.169998,23370200
2014-05-16,49.352856,49.995716,48.548573,49.982857,49.982857,19072200
2014-05-19,49.571430,52.459999,49.507141,52.071430,52.071430,25393200
2014-05-20,52.144287,53.242859,51.771427,53.095715,53.095715,28828100
2014-05-21,53.588570,55.812859,53.335712,55.799999,55.799999,39939900
2014-05-22,55.840000,56.785713,55.357143,55.971428,55.971428,33222700
2014-05-23,55.948570,57.495716,55.665714,57.478573,57.478573,22122100
2014-05-27,57.428570,57.459999,56.164288,56.972858,56.972858,26735100
2014-05-28,56.742859,57.885715,56.214287,57.320000,57.320000,19873700
2014-05-29,57.628571,59.427143,57.078571,59.314285,59.314285,22844500
2014-05-30,59.311428,60.248573,58.801430,59.689999,59.689999,29248800
2014-06-02,59.925713,60.415714,58.928570,60.294285,60.294285,20480600
2014-06-03,59.998573,60.799999,59.578571,59.652859,59.652859,17133200
2014-06-04,59.537144,60.642857,59.042858,60.458572,60.458572,17432800
2014-06-05,60.535713,61.342857,59.795715,61.192856,61.192856,18930800
2014-06-06,61.430000,62.127144,61.194286,61.447144,61.447144,15730400
2014-06-09,61.357143,61.521427,60.012856,60.441429,60.441429,16678900
2014-06-10,60.788570,62.291428,60.717144,61.184284,61.184284,22920100
2014-06-11,60.747143,61.799999,60.714287,61.428570,61.428570,13745900
2014-06-12,61.295715,61.464287,60.071430,60.349998,60.349998,15803200
2014-06-13,60.428570,61.128571,59.601429,61.101429,61.101429,15778700
2014-06-16,60.932858,61.601429,60.488571,61.465714,61.465714,12506200
2014-06-17,62.577145,64.012856,62.538570,63.378571,63.378571,28996100
2014-06-18,63.381428,64.402855,62.892857,64.097145,64.097145,18786600
2014-06-19,64.204285,64.212860,62.580002,63.055714,63.055714,17308200
2014-06-20,63.028572,63.268570,62.139999,62.882858,62.882858,13222300
2014-06-23,62.765713,63.122856,62.221428,62.788570,62.788570,10672900
2014-06-24,62.578571,64.277145,62.214287,62.337143,62.337143,20367200
2014-06-25,62.142857,63.537144,61.904285,63.458572,63.458572,15752100
2014-06-26,62.970001,63.162857,62.392857,62.801430,62.801430,14237300
2014-06-27,62.617142,63.312859,62.485714,63.154285,63.154285,15587600
2014-06-30,63.265713,63.838570,62.812859,62.942856,62.942856,10588900
2014-07-01,65.175713,67.668571,65.042854,67.585716,67.585716,37995300
2014-07-02,67.639999,67.981430,66.577141,66.677139,66.677139,17309600
2014-07-03,67.165718,67.517143,66.981430,67.478569,67.478569,11359600
2014-07-07,67.442856,67.461426,65.714287,65.802856,65.802856,18296600
2014-07-08,65.664284,65.857140,62.754284,63.578571,63.578571,26182800
2014-07-09,63.740002,64.191429,62.818573,63.285713,63.285713,21011200
2014-07-10,62.055714,63.455715,61.171429,62.650002,62.650002,24388700
2014-07-11,63.065716,63.447144,62.450001,62.851429,62.851429,14219100
2014-07-14,63.328571,65.068573,62.714287,64.654289,64.654289,17433500
2014-07-15,64.384285,64.481430,63.181427,64.155716,64.155716,13505800
2014-07-16,64.867142,65.099998,63.342857,63.491428,63.491428,13438600
2014-07-17,63.325714,64.121429,62.612858,62.765713,62.765713,13266400
2014-07-18,62.972858,63.471428,62.250000,63.452858,63.452858,11760700
2014-07-21,64.527145,65.357140,63.945713,64.564285,64.564285,34671000
2014-07-22,63.282856,63.524284,60.722858,61.584286,61.584286,57174600
2014-07-23,61.487144,62.201427,60.930000,61.128571,61.128571,17267600
2014-07-24,61.352856,61.458572,59.860001,60.768570,60.768570,18621400
2014-07-25,60.714287,61.167141,60.057144,60.265713,60.265713,11610200
2014-07-28,60.315716,60.844284,59.788570,60.665714,60.665714,11960900
2014-07-29,60.458572,61.198570,60.458572,60.611427,60.611427,9282000
2014-07-30,60.678570,62.184284,60.615715,62.051430,62.051430,15263500
2014-07-31,61.465714,61.852856,60.184284,60.388573,60.388573,13820100
2014-08-01,60.251427,61.104286,58.930000,60.771427,60.771427,18947600
2014-08-04,61.028572,61.428570,60.111427,60.385715,60.385715,10686900
2014-08-05,60.185715,61.142857,60.044285,60.407143,60.407143,10653300
2014-08-06,60.142857,62.128571,60.078571,61.471428,61.471428,15835400
2014-08-07,62.185715,64.278572,62.078571,64.238571,64.238571,27313300
2014-08-08,64.314285,64.424286,63.150002,63.692856,63.692856,15495200
2014-08-11,64.174286,65.378571,64.101425,64.505714,64.505714,13246800
2014-08-12,64.478569,64.714287,63.344284,63.772858,63.772858,10845100
2014-08-13,64.085716,64.888573,63.831429,64.504288,64.504288,9058000
2014-08-14,64.601425,65.000000,64.031425,64.410004,64.410004,6676600
2014-08-15,64.498573,66.000000,64.085716,65.584282,65.584282,22036700
2014-08-18,66.008568,67.071426,65.892860,66.571426,66.571426,13496000
2014-08-19,66.727142,67.214287,66.061432,66.878571,66.878571,10897600
2014-08-20,66.714287,67.678574,66.362854,67.455711,67.455711,12163900
2014-08-21,67.325714,68.021431,66.809998,67.435715,67.435715,11746700
2014-08-22,67.277145,68.507141,67.150002,68.455711,68.455711,13735400
2014-08-25,68.792854,69.328575,68.218575,68.704285,68.704285,13484800
2014-08-26,68.357140,68.835716,67.792854,68.480003,68.480003,10137400
2014-08-27,68.485718,68.607140,67.661430,67.814285,67.814285,10394300
2014-08-28,67.521431,68.211426,67.258568,67.887146,67.887146,7584500
2014-08-29,68.121429,68.642860,67.734283,68.234283,68.234283,9838500
2014-09-02,68.357140,68.398575,67.798569,68.085716,68.085716,8806700
2014-09-03,68.645714,69.657143,68.075714,68.198570,68.198570,16219000
2014-09-04,68.444283,68.812859,67.447144,67.524284,67.524284,11958800
2014-09-05,67.604286,68.192856,67.152855,67.954285,67.954285,11953200
2014-09-08,67.771431,68.657143,67.742859,68.475716,68.475716,7668500
2014-09-09,69.471428,69.898575,68.057144,68.430000,68.430000,19737900
2014-09-10,68.599998,69.250000,68.148575,69.198570,69.198570,9104900
2014-09-11,68.938568,69.194283,68.524284,68.794289,68.794289,7865200
2014-09-12,69.092857,69.269997,68.017143,68.078575,68.078575,13425300
2014-09-15,68.220001,68.220001,65.264282,65.392860,65.392860,20617100
2014-09-16,64.057144,65.448570,63.657143,65.272858,65.272858,26838700
2014-09-17,65.272858,65.552856,64.470001,64.932854,64.932854,12133100
2014-09-18,65.352859,65.908569,64.760002,65.572861,65.572861,10630200
2014-09-19,65.857140,65.904289,64.881432,65.360001,65.360001,11960900
2014-09-22,65.181427,65.278572,62.697144,63.254284,63.254284,16169300
2014-09-23,63.032856,64.001427,62.928570,63.414288,63.414288,11471600
2014-09-24,63.494286,64.522858,63.220001,64.365715,64.365715,9551500
2014-09-25,64.271431,64.621429,63.202858,63.355713,63.355713,9839900
2014-09-26,63.571430,64.377144,63.412857,64.107140,64.107140,10404800
2014-09-29,63.438572,64.362854,63.145714,64.222855,64.222855,9516500
2014-09-30,64.614288,65.312859,64.257141,64.454285,64.454285,12472600
2014-10-01,64.098572,64.285713,62.470001,62.685715,62.685715,15416100
2014-10-02,62.700001,64.355713,62.554287,64.282860,64.282860,18450600
2014-10-03,64.741432,65.800003,64.644287,65.648575,65.648575,15290100
2014-10-06,66.000000,66.744286,65.857140,66.211426,66.211426,13709500
2014-10-07,65.871429,66.611427,65.142860,65.178574,65.178574,13759200
2014-10-08,65.235718,66.800003,64.482857,66.694283,66.694283,14332500
2014-10-09,66.661430,66.855713,65.651428,65.945717,65.945717,14928200
2014-10-10,65.685715,66.405716,64.491432,64.582855,64.582855,19110700
2014-10-13,64.464287,64.638573,61.857143,62.654285,62.654285,20216700
2014-10-14,63.644287,64.570000,62.590000,64.160004,64.160004,16747500
2014-10-15,63.495716,64.425713,61.454285,64.084282,64.084282,59927700
2014-10-16,47.532856,52.310001,47.285713,51.671429,51.671429,92304800
2014-10-17,51.401428,51.438572,48.785713,51.012856,51.012856,79160900
2014-10-20,50.857143,52.741428,50.792858,51.317142,51.317142,33529300
2014-10-21,51.751427,52.398571,50.777142,52.284286,52.284286,19365500
2014-10-22,52.712856,54.568573,51.885715,53.521427,53.521427,32150300
2014-10-23,54.360001,55.110001,54.035713,54.720001,54.720001,19916400
2014-10-24,54.654285,55.285713,54.401428,55.002857,55.002857,14657300
2014-10-27,54.842857,54.928570,53.814285,54.200001,54.200001,14944300
2014-10-28,54.250000,55.267143,54.049999,55.174286,55.174286,11736900
2014-10-29,55.174286,55.240002,53.967144,54.014286,54.014286,12507600
2014-10-30,53.930000,54.619999,53.514286,54.144287,54.144287,10593800
2014-10-31,54.914288,56.252857,54.857143,56.110001,56.110001,20470100
2014-11-03,56.175713,56.502857,55.015713,55.487144,55.487144,17581200
2014-11-04,55.274284,55.321430,54.110001,54.682858,54.682858,11389700
2014-11-05,55.087143,55.405716,53.770000,54.340000,54.340000,13645800
2014-11-06,54.000000,55.047142,53.907143,54.757141,54.757141,9991800
2014-11-07,54.777142,55.035713,54.185715,54.880001,54.880001,9303700
2014-11-10,54.714287,55.635715,54.142857,55.324287,55.324287,9711100
2014-11-11,55.324287,56.299999,54.544285,54.650002,54.650002,14838600
2014-11-12,54.447144,55.137142,53.862858,54.837143,54.837143,10958500
2014-11-13,54.922855,55.007141,53.932858,54.201427,54.201427,10490200
2014-11-14,54.197144,55.317142,54.081429,55.148571,55.148571,10988600
2014-11-17,55.054287,55.642857,54.392857,54.448570,54.448570,9225300
2014-11-18,54.428570,54.985714,54.361427,54.432858,54.432858,7921200
2014-11-19,54.744286,55.292858,51.808571,51.871429,51.871429,24515400
2014-11-20,51.869999,53.322857,51.571430,52.591427,52.591427,15425200
2014-11-21,53.211430,53.321430,51.357143,51.468571,51.468571,17878000
2014-11-24,51.508572,51.922855,50.771427,50.924286,50.924286,17864000
2014-11-25,50.145714,50.347141,49.142857,49.855713,49.855713,28100800
2014-11-26,50.154285,50.527142,49.745716,50.165714,50.165714,10063200
2014-11-28,50.512856,50.571430,49.427143,49.512856,49.512856,6702500
2014-12-01,49.285713,49.571430,48.234287,48.830002,48.830002,11964400
2014-12-02,48.757141,50.477142,48.691429,50.330002,50.330002,14271600
2014-12-03,50.221428,50.731430,49.181427,50.731430,50.731430,13819400
2014-12-04,50.428570,51.135715,49.908573,50.085712,50.085712,11853800
2014-12-05,50.147144,50.642857,49.732857,50.131428,50.131428,9930200
2014-12-08,49.881428,49.982857,48.290001,48.497143,48.497143,13621300
2014-12-09,47.820000,49.337143,47.002857,49.111427,49.111427,17976700
2014-12-10,49.021427,49.247143,47.665714,47.759998,47.759998,12644800
2014-12-11,48.012856,48.700001,47.655716,47.804287,47.804287,11769100
2014-12-12,47.417141,48.322857,46.980000,47.782856,47.782856,13521200
2014-12-15,48.055714,48.418571,46.618572,46.720001,46.720001,12019000
2014-12-16,46.427143,47.070000,45.142857,45.205715,45.205715,16947700
2014-12-17,45.375713,47.867142,45.077145,47.664288,47.664288,20192900
2014-12-18,48.400002,48.928570,47.232857,47.774284,47.774284,15639400
2014-12-19,47.900002,48.720001,47.621429,48.588570,48.588570,15047900
2014-12-22,48.542858,49.240002,47.748573,48.097141,48.097141,7994000
2014-12-23,48.287144,48.428570,47.472858,48.061428,48.061428,8291500
2014-12-24,48.072857,49.070000,47.998573,48.871429,48.871429,5411000
2014-12-26,48.844284,49.484287,48.534286,48.578571,48.578571,8847300
2014-12-29,47.970001,49.104286,47.652859,48.847141,48.847141,8588300
2014-12-30,48.714287,49.139999,48.538570,49.032856,49.032856,7011200
2014-12-31,49.032856,49.391430,48.787144,48.801430,48.801430,8627500
2015-01-02,49.151428,50.331429,48.731430,49.848572,49.848572,13475000
2015-01-05,49.258572,49.258572,47.147144,47.311428,47.311428,18165000
2015-01-06,47.347141,47.639999,45.661430,46.501427,46.501427,16037700
2015-01-07,47.347141,47.421429,46.271427,46.742859,46.742859,9849700
2015-01-08,47.119999,47.835712,46.478573,47.779999,47.779999,9601900
2015-01-09,47.631428,48.020000,46.898571,47.041428,47.041428,9578100
2015-01-12,47.090000,47.198570,45.264286,45.547142,45.547142,12944400
2015-01-13,46.021427,47.048573,45.900002,46.255714,46.255714,18721500
2015-01-14,47.071430,47.369999,45.680000,46.320000,46.320000,19884900
2015-01-15,46.547142,46.785713,45.844284,46.251427,46.251427,11669000
2015-01-16,46.857143,48.250000,46.381428,48.191429,48.191429,19696600
2015-01-20,48.571430,50.000000,47.714287,49.828571,49.828571,40551000
2015-01-21,59.234287,59.240002,57.410000,58.468571,58.468571,66902500
2015-01-22,58.571430,61.374287,57.828571,61.205715,61.205715,33319300
2015-01-23,60.988571,62.742859,60.881428,62.494286,62.494286,26784100
2015-01-26,62.571430,63.898571,61.957142,63.794285,63.794285,21268800
2015-01-27,63.087143,65.339996,63.049999,64.881432,64.881432,24612700
2015-01-28,64.741432,64.821426,63.081429,63.208572,63.208572,24532900
2015-01-29,63.204285,63.927143,62.500000,63.400002,63.400002,15127700
2015-01-30,63.132858,63.984287,62.655716,63.114285,63.114285,13215300
2015-02-02,62.842857,63.428570,61.955715,63.009998,63.009998,12990600
2015-02-03,63.320000,65.467140,62.730000,65.274284,65.274284,16440200
2015-02-04,65.041428,65.174286,63.889999,64.101425,64.101425,12450900
2015-02-05,64.541428,65.138573,63.665714,64.129997,64.129997,14248500
2015-02-06,64.250000,64.428574,63.175713,63.480000,63.480000,8898400
2015-02-09,63.198570,63.785713,62.637142,63.295715,63.295715,8173200
2015-02-10,63.459999,65.157143,63.101429,64.849998,64.849998,15418900
2015-02-11,64.830002,66.141426,64.557144,64.984283,64.984283,13953100
2015-02-12,65.058571,65.607140,64.451431,65.247147,65.247147,8464400
2015-02-13,65.428574,66.629997,65.422859,66.585716,66.585716,12968900
2015-02-17,66.515717,67.371429,65.944283,67.137146,67.137146,11170600
2015-02-18,67.022858,68.070000,66.645714,67.865715,67.865715,10316600
2015-02-19,67.857140,68.714287,67.574287,67.800003,67.800003,10432100
2015-02-20,67.949997,68.374283,67.637146,68.314285,68.314285,9422000
2015-02-23,68.300003,68.314285,67.142860,67.405716,67.405716,9031400
2015-02-24,67.372856,68.084282,67.355713,67.839996,67.839996,6075300
2015-02-25,67.807144,68.794289,67.807144,68.332855,68.332855,6854400
2015-02-26,68.625717,69.500000,68.430000,69.004288,69.004288,10852800
2015-02-27,69.081429,69.428574,67.818573,67.844284,67.844284,11516400
2015-03-02,67.714287,68.607140,67.234283,68.607140,68.607140,10187100
2015-03-03,68.344284,68.457146,67.507141,67.815712,67.815712,7426300
2015-03-04,67.529999,67.925713,66.182854,67.110001,67.110001,17453800
2015-03-05,67.428574,67.464287,66.419998,66.807144,66.807144,11244800
2015-03-06,66.642860,66.925713,64.844284,64.874283,64.874283,12888400
2015-03-09,64.989998,65.092857,62.828571,63.661430,63.661430,18970700
2015-03-10,63.015713,63.351429,61.982857,62.151428,62.151428,17947300
2015-03-11,62.240002,63.939999,62.240002,62.884285,62.884285,16363200
2015-03-12,63.347141,64.582855,63.340000,64.045715,64.045715,14654500
2015-03-13,63.907143,64.057144,62.367142,62.628571,62.628571,10161200
2015-03-16,61.547142,61.547142,59.619999,60.281429,60.281429,26796000
2015-03-17,59.712856,60.694286,59.384285,59.788570,59.788570,18428200
2015-03-18,59.738571,60.650002,59.299999,60.445713,60.445713,14634900
2015-03-19,60.459999,61.211430,60.255714,60.744286,60.744286,11449900
2015-03-20,61.337143,61.785713,60.895714,61.185715,61.185715,13641600
2015-03-23,60.889999,61.155716,60.330002,60.714287,60.714287,7664300
2015-03-24,61.135715,63.098572,61.118572,62.611427,62.611427,16888900
2015-03-25,62.684284,62.691429,60.244286,60.250000,60.250000,21652400
2015-03-26,59.628571,60.447144,59.389999,59.751427,59.751427,16039100
2015-03-27,59.330002,59.847141,58.572857,59.252857,59.252857,15852200
2015-03-30,59.715714,60.564285,59.364285,60.367142,60.367142,13272700
2015-03-31,60.110001,60.419998,59.455715,59.527142,59.527142,14248500
2015-04-01,59.642857,59.785713,58.702858,59.017143,59.017143,14639800
2015-04-02,59.071430,59.607143,58.861427,59.154285,59.154285,9864400
2015-04-06,58.768570,60.447144,58.464287,60.330002,60.330002,10730300
2015-04-07,60.497143,60.848572,60.042858,60.494286,60.494286,9977100
2015-04-08,61.201427,63.107143,61.184284,63.049999,63.049999,22327900
2015-04-09,63.000000,63.135715,62.114285,62.785713,62.785713,13455400
2015-04-10,64.397141,64.995712,63.947144,64.938568,64.938568,22367100
2015-04-13,67.239998,69.285713,67.057144,67.811432,67.811432,44436700
2015-04-14,68.857140,69.142860,67.421425,68.387146,68.387146,28641900
2015-04-15,68.704285,68.704285,67.364288,67.922859,67.922859,42528500
2015-04-16,76.000000,81.250000,75.714287,80.292854,80.292854,104500900
2015-04-17,79.778572,82.142860,79.714287,81.650002,81.650002,58306500
2015-04-20,81.785713,82.304283,80.381432,81.055717,81.055717,30766400
2015-04-21,81.234283,81.484283,79.800003,80.062859,80.062859,15925700
2015-04-22,80.211426,80.712860,79.544289,79.668571,79.668571,12089700
2015-04-23,79.655716,80.342857,78.955711,79.865715,79.865715,12687500
2015-04-24,80.172859,80.808571,79.507141,79.771431,79.771431,11045300
2015-04-27,80.292854,81.785713,80.230003,80.868568,80.868568,15246700
2015-04-28,80.589996,81.278572,79.944283,80.437141,80.437141,8826300
2015-04-29,80.070000,81.055717,79.644287,80.407143,80.407143,9534700
2015-04-30,80.237144,80.835716,79.124283,79.500000,79.500000,10565100
2015-05-01,79.855713,79.967140,78.894287,79.575714,79.575714,8906100
2015-05-04,79.571426,79.714287,78.900002,79.271431,79.271431,7967400
2015-05-05,81.238571,82.442856,80.757141,80.792854,80.792854,27116600
2015-05-06,81.028572,81.214287,79.521431,80.077141,80.077141,11504500
2015-05-07,80.114288,80.794289,79.457146,80.748573,80.748573,10220700
2015-05-08,81.041428,82.152855,80.964287,82.085716,82.085716,13828500
2015-05-11,82.324287,84.857140,82.185715,84.278572,84.278572,23882600
2015-05-12,83.808571,83.808571,82.992859,83.377144,83.377144,11907000
2015-05-13,83.404289,84.197144,82.691429,82.872856,82.872856,11155900
2015-05-14,83.285713,83.924286,82.330002,83.835716,83.835716,8898400
2015-05-15,86.364288,88.348572,85.755714,87.607140,87.607140,37053100
2015-05-18,87.544289,88.534286,87.024284,88.267143,88.267143,14812000
2015-05-19,88.888573,89.785713,87.809998,88.068573,88.068573,19101600
2015-05-20,88.214287,89.108574,87.362854,88.790001,88.790001,12756800
2015-05-21,89.081429,89.571426,88.181427,89.002853,89.002853,12767300
2015-05-22,89.178574,89.407143,88.692856,88.838570,88.838570,7466200
2015-05-26,88.874283,89.061432,87.785713,87.992859,87.992859,9646000
2015-05-27,88.142860,89.907143,87.928574,89.857140,89.857140,10506300
2015-05-28,89.714287,89.855713,88.930000,89.507141,89.507141,7821800
2015-05-29,89.472855,90.205711,88.955711,89.151428,89.151428,12712000
2015-06-01,88.837143,89.121429,87.944283,89.002853,89.002853,9926000
2015-06-02,88.711426,89.678574,88.405716,89.129997,89.129997,7529200
2015-06-03,89.242859,89.732857,88.644287,88.808571,88.808571,6237700
2015-06-04,88.378571,89.428574,88.042854,89.348572,89.348572,10074400
2015-06-05,89.214287,90.540001,89.125717,90.459999,90.459999,11624200
2015-06-08,90.714287,90.815712,88.995712,89.604286,89.604286,11148900
2015-06-09,89.334282,92.714287,89.334282,92.449997,92.449997,22024800
2015-06-10,93.395714,98.970001,93.225716,95.871429,95.871429,57121400
2015-06-11,96.889999,96.918571,94.087143,95.094284,95.094284,26623100
2015-06-12,94.915718,95.342857,94.124283,94.418571,94.418571,10278800
2015-06-15,92.857140,93.591431,91.658569,93.431427,93.431427,19054000
2015-06-16,94.242859,95.607140,93.691429,95.272858,95.272858,16043300
2015-06-17,95.132858,95.132858,93.957146,94.271431,94.271431,9905000
2015-06-18,94.651428,95.341431,94.368568,94.742859,94.742859,8962800
2015-06-19,96.242859,96.418571,93.821426,93.871429,93.871429,19814900
2015-06-22,95.042854,96.692856,94.188568,96.414284,96.414284,16732800
2015-06-23,96.335716,97.389999,95.750000,97.312859,97.312859,15626100
2015-06-24,100.014282,100.891426,96.397141,96.944283,96.944283,77138600
2015-06-25,95.481430,96.000000,93.458572,94.891426,94.891426,41623400
2015-06-26,95.300003,95.314285,93.088570,93.088570,93.088570,30314900
2015-06-29,91.505714,92.912857,91.117142,92.231430,92.231430,24575600
2015-06-30,93.357140,94.355713,92.785713,93.848572,93.848572,16880500
2015-07-01,94.805717,95.238571,93.218575,93.635712,93.635712,14699300
2015-07-02,93.998573,94.198570,93.214287,94.044289,94.044289,11053000
2015-07-06,93.472855,94.928574,93.339996,94.571426,94.571426,11808300
2015-07-07,95.012856,95.427139,92.622856,94.091431,94.091431,21573300
2015-07-08,93.471428,93.995712,92.284286,93.507141,93.507141,12990600
2015-07-09,94.900002,95.845711,94.285713,95.727142,95.727142,16731400
2015-07-10,97.522858,98.502853,96.900002,97.228569,97.228569,21636300
2015-07-13,98.098572,102.308571,98.078575,101.087143,101.087143,33205200
2015-07-14,101.271431,101.635712,99.652855,100.371429,100.371429,19736500
2015-07-15,99.970001,100.750000,97.050003,98.129997,98.129997,30898600
2015-07-16,111.019997,116.489998,107.680000,115.809998,115.809998,63461000
2015-07-17,117.339996,117.879997,114.239998,114.769997,114.769997,25136900
2015-07-20,114.699997,114.699997,110.139999,110.550003,110.550003,22676900
2015-07-21,110.209999,113.709999,109.320000,112.510002,112.510002,14085400
2015-07-22,112.139999,113.879997,110.559998,111.500000,111.500000,10500500
2015-07-23,110.910004,112.180000,109.839996,110.099998,110.099998,8306800
2015-07-24,111.550003,111.680000,108.900002,109.339996,109.339996,8125100
2015-07-27,107.790001,109.860001,106.250000,106.430000,106.430000,11302600
2015-07-28,107.290001,107.940002,103.879997,106.900002,106.900002,11155900
2015-07-29,106.830002,107.750000,105.400002,107.080002,107.080002,6695600
2015-07-30,106.400002,111.900002,105.400002,111.559998,111.559998,14229200
2015-07-31,111.949997,115.000000,111.150002,114.309998,114.309998,16349100
2015-08-03,114.599998,114.599998,111.779999,112.559998,112.559998,10144800
2015-08-04,113.150002,122.790001,113.000000,121.150002,121.150002,29653300
2015-08-05,125.620003,129.289993,122.709999,123.709999,123.709999,26946500
2015-08-06,126.290001,128.850006,122.040001,126.449997,126.449997,24716700
2015-08-07,126.419998,126.599998,121.300003,123.519997,123.519997,17360700
2015-08-10,126.089996,126.500000,121.510002,123.029999,123.029999,13424600
2015-08-11,120.010002,123.760002,120.000000,122.739998,122.739998,11596800
2015-08-12,121.470001,122.449997,118.660004,120.510002,120.510002,13822500
2015-08-13,120.989998,125.730003,119.339996,123.730003,123.730003,15284400
2015-08-14,124.959999,125.000000,123.000000,123.389999,123.389999,8667700
2015-08-17,123.139999,125.699997,122.589996,125.360001,125.360001,9233800
2015-08-18,125.260002,126.750000,123.550003,124.050003,124.050003,9382000
2015-08-19,123.500000,123.699997,121.500000,122.059998,122.059998,10115300
2015-08-20,119.800003,121.449997,111.339996,112.489998,112.489998,28045300
2015-08-21,106.199997,110.000000,102.750000,103.959999,103.959999,33228300
2015-08-24,88.750000,109.629997,85.500000,96.879997,96.879997,59951900
2015-08-25,107.750000,107.879997,101.500000,101.519997,101.519997,37620700
2015-08-26,107.150002,110.279999,102.019997,110.129997,110.129997,36164600
2015-08-27,114.940002,118.250000,113.019997,117.660004,117.660004,37056100
2015-08-28,116.349998,119.349998,115.879997,117.629997,117.629997,20240200
2015-08-31,115.239998,117.000000,113.760002,115.029999,115.029999,17005600
2015-09-01,109.349998,111.239998,103.820000,105.790001,105.790001,35977100
2015-09-02,109.309998,109.500000,100.300003,105.440002,105.440002,39843300
2015-09-03,102.690002,104.169998,100.110001,101.059998,101.059998,29546700
2015-09-04,98.050003,99.930000,97.339996,98.790001,98.790001,24212000
2015-09-08,102.080002,102.500000,93.550003,94.949997,94.949997,43479700
2015-09-09,96.510002,102.790001,95.519997,99.180000,99.180000,35524400
2015-09-10,99.419998,100.849998,96.779999,99.480003,99.480003,21031900
2015-09-11,98.570000,100.849998,97.230003,97.510002,97.510002,17373900
2015-09-14,96.839996,97.910004,94.330002,95.690002,95.690002,15546000
2015-09-15,95.220001,99.650002,93.610001,99.160004,99.160004,22591100
2015-09-16,99.699997,104.480003,99.330002,104.080002,104.080002,28058200
2015-09-17,103.669998,107.500000,101.830002,104.209999,104.209999,25817700
2015-09-18,102.000000,104.360001,100.709999,102.620003,102.620003,21715000
2015-09-21,103.300003,103.769997,99.559998,100.300003,100.300003,17900600
2015-09-22,98.290001,99.900002,97.000000,98.470001,98.470001,16717900
2015-09-23,98.599998,99.739998,97.660004,98.070000,98.070000,10264500
2015-09-24,97.110001,104.000000,96.779999,103.760002,103.760002,21274500
2015-09-25,105.300003,105.449997,101.570000,102.239998,102.239998,19066600
2015-09-28,101.570000,103.330002,97.839996,99.470001,99.470001,17026600
2015-09-29,99.629997,100.629997,96.849998,98.349998,98.349998,17405900
2015-09-30,99.910004,103.459999,99.050003,103.260002,103.260002,17027600
2015-10-01,102.910004,106.110001,101.120003,105.980003,105.980003,17426900
2015-10-02,103.010002,106.870003,101.449997,106.110001,106.110001,21526700
2015-10-05,107.480003,112.279999,105.760002,111.250000,111.250000,21157900
2015-10-06,110.330002,112.250000,105.639999,108.330002,108.330002,20629800
2015-10-07,108.839996,109.779999,106.750000,108.099998,108.099998,12329500
2015-10-08,107.940002,115.050003,102.599998,114.930000,114.930000,42831900
2015-10-09,114.110001,115.830002,112.440002,113.330002,113.330002,22455200
2015-10-12,114.449997,115.419998,112.360001,113.449997,113.449997,12624500
2015-10-13,112.849998,113.720001,108.779999,109.730003,109.730003,17512100
2015-10-14,111.500000,111.629997,108.050003,110.230003,110.230003,33231500
2015-10-15,103.769997,104.879997,99.099998,101.089996,101.089996,48484300
2015-10-16,100.209999,101.650002,98.410004,98.989998,98.989998,21340500
2015-10-19,98.070000,103.620003,96.260002,101.690002,101.690002,29964700
2015-10-20,101.059998,102.110001,97.580002,98.989998,98.989998,17345600
2015-10-21,99.669998,100.339996,97.010002,97.959999,97.959999,13728500
2015-10-22,98.070000,99.930000,96.860001,97.320000,97.320000,12786800
2015-10-23,97.610001,101.559998,97.269997,100.040001,100.040001,18019900
2015-10-26,100.050003,103.309998,99.379997,103.040001,103.040001,12234800
2015-10-27,102.580002,104.720001,101.230003,103.070000,103.070000,12066400
2015-10-28,102.900002,106.209999,102.059998,105.800003,105.800003,13094000
2015-10-29,105.000000,106.910004,104.750000,105.120003,105.120003,9841400
2015-10-30,105.120003,110.099998,104.900002,108.379997,108.379997,15571500
2015-11-02,109.199997,109.370003,106.300003,107.639999,107.639999,11784600
2015-11-03,107.360001,111.050003,107.239998,109.739998,109.739998,12484100
2015-11-04,110.360001,114.279999,109.389999,114.050003,114.050003,17505000
2015-11-05,113.750000,115.680000,111.720001,113.500000,113.500000,13814900
2015-11-06,113.389999,114.800003,112.050003,114.059998,114.059998,10936600
2015-11-09,113.360001,114.000000,108.639999,109.860001,109.860001,16154600
2015-11-10,108.860001,112.839996,108.010002,112.699997,112.699997,11166400
2015-11-11,113.080002,114.610001,111.410004,112.860001,112.860001,11039200
2015-11-12,112.519997,115.250000,108.199997,108.919998,108.919998,17568200
2015-11-13,108.339996,109.070000,103.269997,103.650002,103.650002,18819400
2015-11-16,102.970001,111.650002,101.860001,111.349998,111.349998,19866200
2015-11-17,112.110001,118.790001,111.699997,117.099998,117.099998,33016300
2015-11-18,117.940002,121.000000,116.099998,120.629997,120.629997,23353600
2015-11-19,120.250000,123.129997,119.610001,120.220001,120.220001,19253200
2015-11-20,120.849998,124.070000,119.209999,123.839996,123.839996,17977000
2015-11-23,124.300003,126.199997,121.660004,125.029999,125.029999,15727000
2015-11-24,123.669998,124.660004,120.029999,123.309998,123.309998,18335300
2015-11-25,124.230003,125.199997,122.360001,124.160004,124.160004,10980700
2015-11-27,123.849998,126.389999,123.589996,125.440002,125.440002,6645500
2015-11-30,126.029999,126.599998,122.889999,123.330002,123.330002,13894000
2015-12-01,124.470001,125.570000,122.419998,125.370003,125.370003,12550800
2015-12-02,125.529999,131.350006,124.930000,128.929993,128.929993,24105700
2015-12-03,129.619995,132.199997,126.389999,126.809998,126.809998,26647300
2015-12-04,127.000000,130.990005,125.750000,130.929993,130.929993,20250400
2015-12-07,131.190002,133.270004,122.750000,125.360001,125.360001,23351600
2015-12-08,121.510002,128.240005,121.099998,126.980003,126.980003,18591100
2015-12-09,127.699997,128.779999,122.330002,124.199997,124.199997,17788800
2015-12-10,124.500000,125.209999,121.620003,122.910004,122.910004,13474100
2015-12-11,121.449997,123.000000,118.599998,118.910004,118.910004,16105300
2015-12-14,119.769997,120.900002,114.660004,120.669998,120.669998,18679300
2015-12-15,121.930000,123.300003,118.540001,118.599998,118.599998,11760000
2015-12-16,119.800003,123.000000,118.089996,122.639999,122.639999,13181000
2015-12-17,123.970001,126.349998,122.419998,122.510002,122.510002,17284900
2015-12-18,120.849998,122.190002,117.919998,118.019997,118.019997,17948100
2015-12-21,119.510002,119.589996,115.660004,116.629997,116.629997,11670000
2015-12-22,117.300003,117.430000,114.860001,116.239998,116.239998,9689000
2015-12-23,116.910004,118.559998,115.779999,118.160004,118.160004,9324300
2015-12-24,118.220001,118.800003,117.300003,117.330002,117.330002,3531300
2015-12-28,117.260002,117.349998,113.849998,117.110001,117.110001,8424300
2015-12-29,118.190002,119.599998,116.919998,119.120003,119.120003,8159200
2015-12-30,118.949997,119.019997,116.430000,116.709999,116.709999,8149700
2015-12-31,116.209999,117.459999,114.279999,114.379997,114.379997,9273000
2016-01-04,109.000000,110.000000,105.209999,109.959999,109.959999,20794800
2016-01-05,110.449997,110.580002,105.849998,107.660004,107.660004,17664600
2016-01-06,105.290001,117.910004,104.959999,117.680000,117.680000,33045700
2016-01-07,116.360001,122.180000,112.290001,114.559998,114.559998,33636700
2016-01-08,116.330002,117.720001,111.099998,111.389999,111.389999,18067100
2016-01-11,112.129997,116.790001,111.199997,114.970001,114.970001,21920400
2016-01-12,116.110001,117.779999,115.080002,116.580002,116.580002,15133500
2016-01-13,114.430000,114.480003,104.529999,106.559998,106.559998,24921600
2016-01-14,105.650002,109.250000,101.209999,107.059998,107.059998,23664800
2016-01-15,102.430000,105.500000,101.720001,104.040001,104.040001,19775100
2016-01-19,106.570000,110.139999,105.550003,107.889999,107.889999,35722800
2016-01-20,108.910004,109.989998,97.050003,107.739998,107.739998,53009400
2016-01-21,108.320000,108.510002,102.099998,102.349998,102.349998,31027500
2016-01-22,104.720001,104.989998,99.220001,100.720001,100.720001,26821800
2016-01-25,99.779999,102.680000,99.000000,99.120003,99.120003,20321100
2016-01-26,99.739998,100.550003,94.849998,97.830002,97.830002,22083900
2016-01-27,96.610001,97.849998,90.589996,91.150002,91.150002,25556200
2016-01-28,93.839996,95.250000,90.110001,94.410004,94.410004,24562300
2016-01-29,92.000000,94.389999,90.629997,91.839996,91.839996,20463900
2016-02-01,91.790001,97.180000,91.300003,94.089996,94.089996,19684500
2016-02-02,95.540001,96.650002,90.730003,91.489998,91.489998,21906500
2016-02-03,92.410004,92.690002,86.139999,90.739998,90.739998,27466000
2016-02-04,89.500000,91.250000,86.540001,89.709999,89.709999,19108600
2016-02-05,88.230003,88.949997,81.860001,82.790001,82.790001,25929300
2016-02-08,80.570000,84.699997,79.949997,83.320000,83.320000,25035600
2016-02-09,81.750000,88.400002,81.550003,86.129997,86.129997,25892900
2016-02-10,89.000000,92.209999,87.419998,88.449997,88.449997,23146500
2016-02-11,87.419998,88.389999,82.910004,86.349998,86.349998,21820300
2016-02-12,86.639999,89.720001,85.260002,87.400002,87.400002,19067700
2016-02-16,89.000000,90.139999,87.540001,89.050003,89.050003,16356600
2016-02-17,90.129997,94.769997,89.639999,94.760002,94.760002,18323800
2016-02-18,94.800003,94.900002,90.309998,90.489998,90.489998,17695300
2016-02-19,89.980003,91.400002,88.029999,89.230003,89.230003,14259200
2016-02-22,90.750000,93.110001,88.300003,91.930000,91.930000,16321800
2016-02-23,91.400002,92.489998,89.050003,89.120003,89.120003,12744400
2016-02-24,88.500000,91.760002,86.699997,91.610001,91.610001,15972800
2016-02-25,91.080002,94.809998,90.209999,94.529999,94.529999,17898800
2016-02-26,95.300003,97.480003,94.250000,94.790001,94.790001,16975200
2016-02-29,94.809998,97.199997,93.339996,93.410004,93.410004,13663100
2016-03-01,94.580002,99.160004,93.610001,98.300003,98.300003,17048800
2016-03-02,98.010002,99.480003,95.900002,97.610001,97.610001,19102800
2016-03-03,97.830002,98.349998,95.389999,97.930000,97.930000,15320900
2016-03-04,98.760002,102.220001,98.320000,101.580002,101.580002,23414600
2016-03-07,101.000000,101.790001,95.250000,95.489998,95.489998,23855200
2016-03-08,95.000000,98.279999,94.500000,96.230003,96.230003,14797000
2016-03-09,96.820000,98.370003,95.000000,98.000000,98.000000,12298700
2016-03-10,98.180000,99.739998,95.449997,97.360001,97.360001,17002100
2016-03-11,99.510002,99.599998,96.050003,97.660004,97.660004,15114300
2016-03-14,97.199997,99.419998,97.169998,98.129997,98.129997,11251900
2016-03-15,97.870003,98.510002,96.430000,97.860001,97.860001,9691800
2016-03-16,97.529999,99.730003,97.500000,99.349998,99.349998,12630500
2016-03-17,99.050003,101.389999,99.000000,99.720001,99.720001,13825000
2016-03-18,100.500000,102.410004,100.010002,101.120003,101.120003,15453500
2016-03-21,101.150002,102.099998,99.500000,101.059998,101.059998,9578500
2016-03-22,100.480003,101.519997,99.199997,99.839996,99.839996,9069900
2016-03-23,99.750000,100.389999,98.809998,99.589996,99.589996,8313500
2016-03-24,98.639999,98.849998,97.070000,98.360001,98.360001,10671100
2016-03-28,98.339996,101.440002,97.820000,101.209999,101.209999,12432200
2016-03-29,101.080002,104.330002,101.000000,104.129997,104.129997,16008900
2016-03-30,104.650002,104.910004,101.480003,102.190002,102.190002,14705000
2016-03-31,102.430000,103.529999,101.050003,102.230003,102.230003,9747500
2016-04-01,102.930000,105.790001,102.470001,105.699997,105.699997,14182400
2016-04-04,105.900002,105.919998,103.199997,104.349998,104.349998,10940400
2016-04-05,103.470001,105.750000,103.250000,104.940002,104.940002,10060900
2016-04-06,105.300003,106.440002,104.250000,104.830002,104.830002,9605800
2016-04-07,104.309998,106.440002,103.599998,104.449997,104.449997,10774900
2016-04-08,105.120003,105.330002,102.820000,103.809998,103.809998,7857600
2016-04-11,104.040001,104.980003,102.620003,102.680000,102.680000,7451300
2016-04-12,103.150002,107.220001,102.209999,106.980003,106.980003,12437000
2016-04-13,108.000000,111.279999,107.879997,109.650002,109.650002,16701700
2016-04-14,110.010002,111.639999,109.150002,110.419998,110.419998,9553700
2016-04-15,110.639999,111.849998,109.779999,111.510002,111.510002,11746100
2016-04-18,109.900002,110.699997,106.019997,108.400002,108.400002,32816400
2016-04-19,99.489998,101.370003,94.199997,94.339996,94.339996,55728800
2016-04-20,94.339996,96.980003,93.139999,96.769997,96.769997,26613500
2016-04-21,97.309998,97.379997,94.779999,94.980003,94.980003,19919400
2016-04-22,94.849998,96.690002,94.209999,95.900002,95.900002,15806300
2016-04-25,95.699997,95.750000,92.800003,93.559998,93.559998,14985400
2016-04-26,93.500000,93.550003,91.250000,92.430000,92.430000,15330900
2016-04-27,92.180000,92.500000,90.209999,91.040001,91.040001,12218900
2016-04-28,91.500000,92.669998,90.089996,90.279999,90.279999,11474900
2016-04-29,90.500000,90.559998,88.209999,90.029999,90.029999,13968000
2016-05-02,90.410004,93.220001,89.889999,93.110001,93.110001,12547000
2016-05-03,92.080002,93.250000,91.300003,91.540001,91.540001,10593900
2016-05-04,91.000000,92.160004,90.349998,90.790001,90.790001,7394700
2016-05-05,90.910004,92.080002,89.250000,89.370003,89.370003,10368500
2016-05-06,88.830002,90.879997,88.110001,90.839996,90.839996,10433900
2016-05-09,90.730003,91.830002,89.900002,90.540001,90.540001,9543700
2016-05-10,91.139999,93.250000,91.089996,92.889999,92.889999,11175900
2016-05-11,92.400002,92.589996,89.900002,90.019997,90.019997,11692900
2016-05-12,90.320000,90.410004,85.739998,87.739998,87.739998,20408100
2016-05-13,87.389999,88.589996,86.260002,87.879997,87.879997,11571400
2016-05-16,87.559998,90.000000,86.150002,89.120003,89.120003,11247800
2016-05-17,89.000000,90.870003,88.169998,88.629997,88.629997,11571300
2016-05-18,88.250000,91.720001,88.250000,90.500000,90.500000,13911800
2016-05-19,90.160004,91.269997,88.300003,89.550003,89.550003,11450300
2016-05-20,90.080002,93.279999,89.980003,92.489998,92.489998,15063000
2016-05-23,92.980003,95.290001,92.849998,94.889999,94.889999,13992300
2016-05-24,95.980003,99.139999,95.750000,97.889999,97.889999,21246000
2016-05-25,99.000000,100.309998,98.300003,100.199997,100.199997,15142900
2016-05-26,103.209999,104.000000,101.379997,102.809998,102.809998,17824700
2016-05-27,102.440002,103.500000,101.440002,103.300003,103.300003,9092100
2016-05-31,102.949997,103.449997,102.129997,102.570000,102.570000,8725700
2016-06-01,101.500000,101.919998,100.160004,101.510002,101.510002,8393400
2016-06-02,101.389999,102.150002,100.769997,101.250000,101.250000,7992400
2016-06-03,100.989998,101.000000,98.529999,99.589996,99.589996,9224000
2016-06-06,100.290001,101.070000,99.720001,100.739998,100.739998,6828100
2016-06-07,101.199997,101.629997,99.769997,99.889999,99.889999,6474700
2016-06-08,100.019997,100.279999,97.599998,97.860001,97.860001,9423900
2016-06-09,97.220001,98.430000,96.660004,97.089996,97.089996,8923800
2016-06-10,94.879997,95.349998,93.279999,93.750000,93.750000,12907900
2016-06-13,95.019997,97.199997,93.620003,93.849998,93.849998,13484300
2016-06-14,94.160004,95.800003,93.269997,94.120003,94.120003,9480400
2016-06-15,94.610001,95.459999,93.500000,94.290001,94.290001,7675400
2016-06-16,94.180000,95.559998,93.250000,95.440002,95.440002,7550800
2016-06-17,95.750000,95.769997,94.199997,94.449997,94.449997,8046800
2016-06-20,95.220001,95.879997,93.650002,93.800003,93.800003,9026400
2016-06-21,93.870003,93.879997,90.769997,90.989998,90.989998,15199700
2016-06-22,90.779999,91.980003,89.769997,90.010002,90.010002,9454700
2016-06-23,90.620003,91.680000,88.150002,91.660004,91.660004,10819000
2016-06-24,87.529999,90.489998,87.209999,88.440002,88.440002,11248600
2016-06-27,87.879997,88.000000,84.809998,85.330002,85.330002,13730500
2016-06-28,87.410004,88.879997,86.410004,87.970001,87.970001,11545600
2016-06-29,89.669998,91.970001,88.699997,91.059998,91.059998,11687100
2016-06-30,90.910004,91.720001,89.900002,91.480003,91.480003,9099000
2016-07-01,95.000000,97.000000,94.800003,96.669998,96.669998,16167200
2016-07-05,95.199997,101.269997,93.309998,97.910004,97.910004,25879400
2016-07-06,95.029999,96.000000,93.550003,94.599998,94.599998,16301200
2016-07-07,94.699997,95.379997,93.180000,95.099998,95.099998,9913500
2016-07-08,96.000000,97.410004,95.300003,97.059998,97.059998,8335400
2016-07-11,96.190002,96.870003,94.300003,94.669998,94.669998,13276200
2016-07-12,95.070000,96.720001,94.089996,95.970001,95.970001,11617400
2016-07-13,96.260002,96.720001,94.800003,96.430000,96.430000,8768900
2016-07-14,97.000000,98.269997,96.800003,98.019997,98.019997,9885000
2016-07-15,98.519997,98.699997,97.410004,98.389999,98.389999,9041900
2016-07-18,98.430000,99.839996,97.239998,98.809998,98.809998,28669700
2016-07-19,85.430000,86.750000,84.500000,85.839996,85.839996,55681200
2016-07-20,86.669998,88.489998,85.820000,87.910004,87.910004,23525100
2016-07-21,88.300003,88.379997,85.209999,85.989998,85.989998,16084000
2016-07-22,86.480003,86.500000,85.110001,85.889999,85.889999,11363900
2016-07-25,85.730003,87.870003,85.010002,87.660004,87.660004,14135000
2016-07-26,91.029999,93.099998,90.900002,91.410004,91.410004,19577600
2016-07-27,91.500000,92.059998,90.099998,92.040001,92.040001,8727500
2016-07-28,91.919998,92.209999,90.680000,91.650002,91.650002,6227700
2016-07-29,91.190002,91.750000,90.589996,91.250000,91.250000,6960200
2016-08-01,91.230003,94.669998,90.500000,94.370003,94.370003,10666900
2016-08-02,94.000000,94.080002,92.180000,93.559998,93.559998,9836200
2016-08-03,93.279999,94.669998,92.550003,93.099998,93.099998,7030900
2016-08-04,93.199997,93.730003,91.820000,93.440002,93.440002,6043400
2016-08-05,93.769997,97.739998,93.559998,97.029999,97.029999,18364800
2016-08-08,95.910004,95.930000,94.000000,95.110001,95.110001,10135400
2016-08-09,95.120003,95.809998,93.480003,93.989998,93.989998,9175400
2016-08-10,94.400002,94.750000,92.949997,93.930000,93.930000,6511100
2016-08-11,94.599998,96.330002,94.370003,95.889999,95.889999,8547700
2016-08-12,95.529999,96.830002,95.080002,96.589996,96.589996,6592900
2016-08-15,96.830002,96.910004,95.239998,95.309998,95.309998,7304600
2016-08-16,95.190002,95.610001,94.400002,95.120003,95.120003,6311300
2016-08-17,94.940002,96.930000,94.849998,96.370003,96.370003,8315600
2016-08-18,95.980003,97.220001,95.169998,96.160004,96.160004,7252600
2016-08-19,96.050003,96.779999,95.510002,95.870003,95.870003,6942900
2016-08-22,95.669998,96.129997,94.949997,95.260002,95.260002,5830500
2016-08-23,95.680000,96.589996,95.480003,95.940002,95.940002,5239100
2016-08-24,96.129997,96.360001,94.910004,95.180000,95.180000,6276500
2016-08-25,96.379997,98.250000,96.040001,97.320000,97.320000,10823100
2016-08-26,97.330002,97.949997,96.570000,97.580002,97.580002,6617600
2016-08-29,96.970001,98.449997,96.570000,97.300003,97.300003,8008400
2016-08-30,97.839996,98.849998,97.139999,97.449997,97.449997,6093500
2016-08-31,97.480003,97.879997,96.760002,97.449997,97.449997,4690600
2016-09-01,97.809998,97.980003,96.919998,97.379997,97.379997,4148600
2016-09-02,97.900002,98.180000,97.010002,97.379997,97.379997,4247200
2016-09-06,97.760002,100.320000,97.650002,100.089996,100.089996,9036100
2016-09-07,100.110001,100.190002,98.419998,99.150002,99.150002,6468500
2016-09-08,99.230003,100.050003,98.820000,99.660004,99.660004,5201200
2016-09-09,99.059998,99.389999,96.500000,96.500000,96.500000,7373300
2016-09-12,95.910004,99.290001,95.709999,99.050003,99.050003,7718400
2016-09-13,97.169998,98.000000,95.330002,96.089996,96.089996,11788100
2016-09-14,97.349998,98.349998,96.959999,97.010002,97.010002,8481000
2016-09-15,97.230003,97.970001,96.529999,97.339996,97.339996,5293500
2016-09-16,97.099998,99.489998,97.040001,99.480003,99.480003,9445100
2016-09-19,99.900002,100.349998,97.820000,98.059998,98.059998,8616200
2016-09-20,98.779999,99.160004,97.660004,98.250000,98.250000,4736800
2016-09-21,96.900002,97.099998,93.260002,94.879997,94.879997,20042200
2016-09-22,95.540001,95.879997,94.230003,95.830002,95.830002,11215000
2016-09-23,95.750000,96.970001,95.430000,95.940002,95.940002,6179500
2016-09-26,95.379997,95.379997,94.040001,94.559998,94.559998,6739200
2016-09-27,95.040001,97.639999,95.000000,97.070000,97.070000,9680100
2016-09-28,97.099998,97.589996,96.019997,97.480003,97.480003,7235100
2016-09-29,97.309998,98.309998,96.599998,96.669998,96.669998,6217600
2016-09-30,96.900002,99.529999,96.790001,98.550003,98.550003,9807900
2016-10-03,98.000000,103.389999,98.000000,102.629997,102.629997,15344500
2016-10-04,103.190002,104.440002,101.860001,102.339996,102.339996,12143100
2016-10-05,103.500000,106.970001,103.430000,106.279999,106.279999,12942900
2016-10-06,104.970001,105.470001,103.879997,105.070000,105.070000,6587700
2016-10-07,103.980003,106.500000,103.550003,104.820000,104.820000,8659500
2016-10-10,103.180000,104.529999,102.760002,103.330002,103.330002,6699700
2016-10-11,102.309998,102.900002,99.860001,100.589996,100.589996,9032900
2016-10-12,100.879997,102.470001,99.220001,99.500000,99.500000,7426500
2016-10-13,98.010002,100.500000,97.629997,100.230003,100.230003,8319300
2016-10-14,101.589996,102.099998,100.349998,101.470001,101.470001,9531100
2016-10-17,100.500000,100.730003,98.379997,99.800003,99.800003,26589500
2016-10-18,116.629997,119.820000,116.500000,118.790001,118.790001,42168200
2016-10-19,118.250000,122.449997,118.000000,121.870003,121.870003,21981700
2016-10-20,121.970001,123.750000,121.059998,123.349998,123.349998,14492800
2016-10-21,122.500000,127.849998,122.309998,127.500000,127.500000,18832400
2016-10-24,127.419998,129.289993,126.150002,127.330002,127.330002,15980700
2016-10-25,126.519997,128.059998,125.750000,126.510002,126.510002,8253900
2016-10-26,126.290001,128.720001,125.750000,126.970001,126.970001,8602400
2016-10-27,127.430000,128.179993,125.930000,126.470001,126.470001,6914200
2016-10-28,126.080002,128.929993,126.010002,126.570000,126.570000,7077300
2016-10-31,126.849998,126.900002,124.400002,124.870003,124.870003,6517500
2016-11-01,124.980003,125.830002,121.800003,123.300003,123.300003,6978600
2016-11-02,122.830002,124.070000,121.830002,122.339996,122.339996,4816500
2016-11-03,122.309998,123.720001,121.839996,122.139999,122.139999,5041300
2016-11-04,122.000000,123.430000,121.620003,122.029999,122.029999,5077700
2016-11-07,124.260002,125.750000,123.370003,124.580002,124.580002,5827100
2016-11-08,124.120003,125.809998,123.220001,124.339996,124.339996,4690800
2016-11-09,121.839996,123.650002,120.860001,122.190002,122.190002,7705700
2016-11-10,122.760002,122.970001,113.699997,115.419998,115.419998,19718700
2016-11-11,114.900002,116.629997,113.110001,114.779999,114.779999,11080300
2016-11-14,114.750000,115.900002,110.680000,113.379997,113.379997,9932400
2016-11-15,114.550003,116.410004,113.089996,113.589996,113.589996,7445100
2016-11-16,112.959999,116.120003,111.809998,115.190002,115.190002,5933700
2016-11-17,115.129997,116.809998,113.559998,115.029999,115.029999,6232700
2016-11-18,115.730003,116.419998,113.510002,115.209999,115.209999,6746800
2016-11-21,116.199997,118.720001,116.190002,117.959999,117.959999,7064500
2016-11-22,118.320000,119.459999,116.980003,118.040001,118.040001,7007200
2016-11-23,117.760002,118.889999,117.309998,117.690002,117.690002,4521300
2016-11-25,117.639999,118.389999,117.180000,117.410004,117.410004,1616300
2016-11-28,117.050003,117.620003,115.709999,116.930000,116.930000,5278900
2016-11-29,117.300003,119.180000,117.129997,117.510002,117.510002,7082300
2016-11-30,119.000000,120.370003,116.389999,117.000000,117.000000,7715100
2016-12-01,117.519997,118.680000,113.949997,117.220001,117.220001,8636900
2016-12-02,116.750000,120.980003,116.750000,120.809998,120.809998,8953600
2016-12-05,120.730003,120.750000,118.400002,119.160004,119.160004,7626300
2016-12-06,120.099998,124.790001,119.419998,124.570000,124.570000,11513200
2016-12-07,124.480003,125.750000,123.250000,125.389999,125.389999,8204700
2016-12-08,125.400002,126.349998,122.160004,123.239998,123.239998,8987700
2016-12-09,123.779999,124.300003,121.730003,122.879997,122.879997,4700800
2016-12-12,122.839996,124.029999,122.300003,122.830002,122.830002,3917600
2016-12-13,123.510002,125.089996,122.779999,123.779999,123.779999,5564500
2016-12-14,123.430000,124.400002,122.500000,123.440002,123.440002,6110300
2016-12-15,123.440002,127.430000,122.949997,125.000000,125.000000,7376200
2016-12-16,126.389999,126.680000,124.010002,124.220001,124.220001,7868000
2016-12-19,124.300003,126.440002,122.870003,125.449997,125.449997,4867300
2016-12-20,125.459999,126.300003,124.639999,125.120003,125.120003,3937800
2016-12-21,125.529999,127.739998,125.000000,126.500000,126.500000,6514800
2016-12-22,126.839996,127.500000,125.180000,125.580002,125.580002,4160700
2016-12-23,125.610001,126.279999,125.080002,125.589996,125.589996,2010400
2016-12-27,126.239998,129.050003,125.699997,128.350006,128.350006,5288200
2016-12-28,129.070007,129.070007,125.760002,125.889999,125.889999,4389200
2016-12-29,125.949997,126.139999,124.199997,125.330002,125.330002,3445100
2016-12-30,126.239998,126.570000,123.599998,123.800003,123.800003,4455400
2017-01-03,124.959999,128.190002,124.309998,127.489998,127.489998,9437900
2017-01-04,127.489998,130.169998,126.550003,129.410004,129.410004,7843600
2017-01-05,129.220001,132.750000,128.899994,131.809998,131.809998,10185500
2017-01-06,132.080002,133.880005,129.809998,131.070007,131.070007,10657900
2017-01-09,131.479996,131.990005,129.889999,130.949997,130.949997,5771800
2017-01-10,131.270004,132.220001,129.289993,129.889999,129.889999,5985800
2017-01-11,130.910004,131.500000,129.250000,130.500000,130.500000,5615100
2017-01-12,130.630005,130.850006,128.500000,129.179993,129.179993,5388900
2017-01-13,131.149994,133.929993,130.580002,133.699997,133.699997,10515000
2017-01-17,135.039993,135.399994,132.089996,132.889999,132.889999,12220200
2017-01-18,133.210007,133.649994,131.059998,133.259995,133.259995,16168600
2017-01-19,142.009995,143.460007,138.250000,138.410004,138.410004,23203400
2017-01-20,139.360001,140.789993,137.660004,138.600006,138.600006,9497400
2017-01-23,138.649994,139.490005,137.309998,137.389999,137.389999,7433900
2017-01-24,138.110001,140.929993,137.029999,140.110001,140.110001,7754700
2017-01-25,140.800003,141.389999,139.050003,139.520004,139.520004,7238100
2017-01-26,140.449997,141.210007,138.509995,138.960007,138.960007,6038300
2017-01-27,139.460007,142.490005,139.000000,142.449997,142.449997,8323900
2017-01-30,141.770004,141.970001,138.800003,141.220001,141.220001,8122500
2017-01-31,140.550003,141.830002,139.699997,140.710007,140.710007,4411600
2017-02-01,141.199997,142.410004,139.300003,140.779999,140.779999,6033400
2017-02-02,140.610001,141.039993,139.050003,139.199997,139.199997,3462400
2017-02-03,139.509995,140.639999,139.100006,140.250000,140.250000,3512600
2017-02-06,140.000000,141.000000,139.160004,140.970001,140.970001,3552100
2017-02-07,141.490005,144.279999,141.050003,144.000000,144.000000,8573500
2017-02-08,143.570007,145.070007,142.559998,144.740005,144.740005,6887100
2017-02-09,144.979996,145.089996,143.580002,144.139999,144.139999,4555100
2017-02-10,144.679993,145.300003,143.970001,144.820007,144.820007,6171900
2017-02-13,145.190002,145.949997,143.050003,143.199997,143.199997,4790400
2017-02-14,143.199997,144.110001,140.050003,140.820007,140.820007,8367800
2017-02-15,140.720001,142.429993,140.509995,142.270004,142.270004,5309100
2017-02-16,142.419998,142.440002,141.070007,142.009995,142.009995,2847500
2017-02-17,141.750000,142.899994,141.270004,142.220001,142.220001,4588100
2017-02-21,142.990005,143.380005,141.809998,142.600006,142.600006,3571500
2017-02-22,142.919998,144.000000,142.169998,143.860001,143.860001,3482000
2017-02-23,144.449997,144.490005,141.520004,142.779999,142.779999,4668000
2017-02-24,141.880005,143.559998,141.550003,143.250000,143.250000,3302700
2017-02-27,143.119995,143.919998,142.380005,143.410004,143.410004,3907400
2017-02-28,143.300003,143.570007,141.850006,142.130005,142.130005,3862200
2017-03-01,142.839996,143.259995,142.100006,142.649994,142.649994,4170600
2017-03-02,142.149994,142.699997,139.089996,139.529999,139.529999,6119900
2017-03-03,139.690002,140.910004,138.259995,139.139999,139.139999,5399800
2017-03-06,141.000000,142.839996,140.539993,141.940002,141.940002,7116100
2017-03-07,141.990005,142.399994,140.380005,141.429993,141.429993,4241000
2017-03-08,141.470001,142.059998,139.770004,140.320007,140.320007,4085500
2017-03-09,140.039993,141.240005,139.740005,140.529999,140.529999,2652700
2017-03-10,141.389999,141.800003,140.279999,140.889999,140.889999,3318500
2017-03-13,140.899994,143.710007,140.320007,143.520004,143.520004,4922400
2017-03-14,142.949997,143.309998,141.699997,143.190002,143.190002,4660300
2017-03-15,144.199997,145.520004,143.229996,145.250000,145.250000,5987200
2017-03-16,145.500000,146.500000,144.220001,144.389999,144.389999,5286500
2017-03-17,144.050003,145.759995,143.399994,145.110001,145.110001,6281300
2017-03-20,145.449997,146.250000,144.580002,145.830002,145.830002,3421000
2017-03-21,146.750000,147.699997,142.100006,142.419998,142.419998,7669800
2017-03-22,142.539993,143.800003,140.759995,142.649994,142.649994,6486900
2017-03-23,142.139999,142.889999,141.259995,141.839996,141.839996,3712600
2017-03-24,142.360001,142.800003,141.580002,142.020004,142.020004,3546600
2017-03-27,140.830002,144.389999,140.000000,144.059998,144.059998,4771700
2017-03-28,144.100006,146.110001,143.919998,145.169998,145.169998,4638000
2017-03-29,145.500000,147.179993,144.910004,146.470001,146.470001,3855000
2017-03-30,146.809998,148.289993,146.529999,148.059998,148.059998,4461100
2017-03-31,148.000000,148.229996,147.330002,147.809998,147.809998,3888200
2017-04-03,146.699997,148.009995,145.740005,146.919998,146.919998,4609300
2017-04-04,146.839996,147.089996,144.889999,145.500000,145.500000,4368900
2017-04-05,146.190002,146.250000,143.259995,143.619995,143.619995,4607600
2017-04-06,144.000000,144.139999,143.009995,143.740005,143.740005,3312400
2017-04-07,143.789993,143.889999,142.710007,143.110001,143.110001,3040500
2017-04-10,143.039993,144.649994,141.210007,143.850006,143.850006,5807400
2017-04-11,144.279999,144.539993,141.979996,144.350006,144.350006,4621500
2017-04-12,144.850006,145.740005,143.550003,143.830002,143.830002,4387000
2017-04-13,144.250000,144.550003,142.759995,142.919998,142.919998,3685800
2017-04-17,144.429993,147.320007,144.429993,147.250000,147.250000,16364700
2017-04-18,147.339996,147.399994,140.000000,143.360001,143.360001,19671000
2017-04-19,143.369995,144.000000,138.660004,139.759995,139.759995,12395100
2017-04-20,140.300003,141.800003,139.270004,141.179993,141.179993,7248200
2017-04-21,141.389999,143.029999,140.899994,142.869995,142.869995,6824800
2017-04-24,143.610001,144.500000,143.399994,143.830002,143.830002,4800900
2017-04-25,147.460007,153.520004,146.220001,152.160004,152.160004,20674200
2017-04-26,151.529999,152.149994,148.899994,150.169998,150.169998,9274100
2017-04-27,150.600006,153.490005,149.300003,153.080002,153.080002,7719400
2017-04-28,152.710007,152.970001,150.940002,152.199997,152.199997,6366200
2017-05-01,151.910004,157.699997,151.610001,155.350006,155.350006,9031600
2017-05-02,155.759995,156.500000,154.610001,156.449997,156.449997,5384800
2017-05-03,156.289993,156.539993,154.880005,155.589996,155.589996,3931200
2017-05-04,155.589996,157.899994,154.550003,157.250000,157.250000,5582300
2017-05-05,158.550003,158.589996,155.899994,156.600006,156.600006,5341700
2017-05-08,156.550003,157.639999,155.300003,156.380005,156.380005,4818800
2017-05-09,156.100006,157.850006,155.970001,157.460007,157.460007,3911000
2017-05-10,157.820007,161.100006,156.559998,160.279999,160.279999,6869900
2017-05-11,160.330002,160.520004,157.550003,158.539993,158.539993,5677400
2017-05-12,159.110001,160.839996,158.509995,160.809998,160.809998,5092900
2017-05-15,160.250000,161.779999,159.759995,160.020004,160.020004,4972000
2017-05-16,160.500000,161.179993,159.330002,159.410004,159.410004,3464900
2017-05-17,158.089996,158.779999,153.000000,153.199997,153.199997,8184500
2017-05-18,153.610001,156.889999,153.240005,155.699997,155.699997,6802700
2017-05-19,156.149994,158.050003,155.910004,157.020004,157.020004,4091500
2017-05-22,157.860001,158.600006,156.429993,157.160004,157.160004,3744100
2017-05-23,157.750000,158.309998,156.800003,157.949997,157.949997,3370900
2017-05-24,158.350006,158.479996,157.169998,157.750000,157.750000,2970800
2017-05-25,161.000000,164.100006,160.550003,163.050003,163.050003,8561000
2017-05-26,162.839996,163.050003,161.119995,162.429993,162.429993,4834300
2017-05-30,163.600006,164.750000,162.710007,163.220001,163.220001,4828600
2017-05-31,163.610001,164.000000,160.740005,163.070007,163.070007,5328900
2017-06-01,163.520004,163.929993,161.699997,162.990005,162.990005,3896300
2017-06-02,163.419998,165.360001,162.800003,165.179993,165.179993,4259100
2017-06-05,165.490005,165.500000,163.429993,165.059998,165.059998,3875200
2017-06-06,164.949997,166.820007,164.509995,165.169998,165.169998,4382100
2017-06-07,165.600006,166.399994,164.410004,165.610001,165.610001,3353100
2017-06-08,166.119995,166.869995,164.839996,165.880005,165.880005,3719100
2017-06-09,166.270004,166.270004,154.500000,158.029999,158.029999,10292000
2017-06-12,155.300003,155.529999,148.309998,151.440002,151.440002,14114500
2017-06-13,154.380005,155.679993,150.130005,152.720001,152.720001,8484700
2017-06-14,154.339996,155.619995,150.279999,152.199997,152.199997,6461800
2017-06-15,149.440002,152.559998,147.300003,151.759995,151.759995,7319700
2017-06-16,151.449997,153.529999,150.389999,152.380005,152.380005,6909700
2017-06-19,154.289993,155.580002,152.410004,153.399994,153.399994,6544300
2017-06-20,153.679993,154.500000,151.399994,152.050003,152.050003,4878700
2017-06-21,152.500000,155.380005,152.259995,155.029999,155.029999,5803400
2017-06-22,155.130005,155.199997,153.699997,154.889999,154.889999,3769200
2017-06-23,155.009995,158.190002,153.759995,158.020004,158.020004,6250800
2017-06-26,158.779999,159.970001,156.559998,157.500000,157.500000,6016000
2017-06-27,156.619995,156.979996,150.720001,151.029999,151.029999,7424300
2017-06-28,151.639999,154.199997,150.119995,153.410004,153.410004,5589900
2017-06-29,152.820007,152.820007,148.000000,150.089996,150.089996,7142500
2017-06-30,149.759995,150.710007,148.419998,149.410004,149.410004,5213300
2017-07-03,149.800003,150.449997,145.800003,146.169998,146.169998,3908200
2017-07-05,146.580002,148.259995,145.580002,147.610001,147.610001,4627800
2017-07-06,146.130005,147.270004,144.250000,146.250000,146.250000,5486500
2017-07-07,146.649994,150.750000,146.649994,150.179993,150.179993,5561300
2017-07-10,150.339996,153.229996,149.649994,152.669998,152.669998,5360600
2017-07-11,152.369995,155.229996,151.550003,154.330002,154.330002,4898600
2017-07-12,155.770004,158.800003,155.770004,158.750000,158.750000,8481800
2017-07-13,158.509995,160.130005,156.979996,158.210007,158.210007,6700100
2017-07-14,159.300003,161.350006,157.970001,161.119995,161.119995,5549200
2017-07-17,162.910004,163.550003,160.020004,161.699997,161.699997,17496700
2017-07-18,176.119995,185.000000,174.240005,183.600006,183.600006,41587400
2017-07-19,182.970001,187.169998,181.750000,183.860001,183.860001,17344300
2017-07-20,183.839996,185.919998,182.699997,183.600006,183.600006,7907200
2017-07-21,182.720001,191.500000,182.710007,188.539993,188.539993,9277400
2017-07-24,188.690002,190.250000,187.009995,187.910004,187.910004,8797300
2017-07-25,187.789993,188.660004,185.809998,186.970001,186.970001,5374500
2017-07-26,187.699997,189.699997,187.509995,189.080002,189.080002,4479300
2017-07-27,189.889999,190.000000,179.380005,182.679993,182.679993,11221000
2017-07-28,182.000000,185.029999,181.179993,184.039993,184.039993,6201900
2017-07-31,184.259995,184.970001,180.649994,181.660004,181.660004,4883600
2017-08-01,182.490005,184.619995,181.429993,182.029999,182.029999,5112700
2017-08-02,182.220001,182.570007,177.809998,180.740005,180.740005,5771300
2017-08-03,180.529999,181.220001,178.020004,179.229996,179.229996,4627700
2017-08-04,179.600006,181.000000,178.500000,180.270004,180.270004,4491100
2017-08-07,181.000000,182.270004,179.100006,181.330002,181.330002,4609800
2017-08-08,181.369995,181.910004,177.449997,178.360001,178.360001,6104000
2017-08-09,171.429993,175.960007,170.009995,175.779999,175.779999,9670500
2017-08-10,174.029999,174.449997,167.600006,169.139999,169.139999,9693100
2017-08-11,169.860001,172.580002,169.000000,171.399994,171.399994,5022300
2017-08-14,169.800003,172.449997,168.800003,171.000000,171.000000,7468400
2017-08-15,171.529999,171.880005,168.250000,168.500000,168.500000,5656100
2017-08-16,167.500000,170.500000,166.250000,169.979996,169.979996,7013600
2017-08-17,169.229996,170.580002,165.720001,166.089996,166.089996,5229200
2017-08-18,165.949997,169.970001,165.800003,166.539993,166.539993,7385700
2017-08-21,166.910004,168.990005,164.229996,166.759995,166.759995,6480700
2017-08-22,167.759995,169.929993,167.039993,169.339996,169.339996,4886300
2017-08-23,168.350006,169.639999,166.699997,169.059998,169.059998,4632300
2017-08-24,169.860001,171.240005,166.149994,168.130005,168.130005,5361700
2017-08-25,168.580002,168.750000,165.500000,165.949997,165.949997,4064000
2017-08-28,166.429993,168.669998,165.600006,167.119995,167.119995,3657300
2017-08-29,165.000000,169.679993,164.729996,168.809998,168.809998,4620900
2017-08-30,169.500000,174.850006,169.369995,174.690002,174.690002,8034700
2017-08-31,175.449997,176.240005,173.860001,174.710007,174.710007,6941000
2017-09-01,175.550003,176.479996,173.919998,174.740005,174.740005,3813000
2017-09-05,173.399994,175.880005,172.440002,174.520004,174.520004,4589500
2017-09-06,175.250000,179.460007,173.729996,179.250000,179.250000,8742600
2017-09-07,178.800003,180.350006,177.100006,179.000000,179.000000,6036100
2017-09-08,178.449997,180.389999,176.250000,176.419998,176.419998,4590800
2017-09-11,178.100006,182.470001,178.029999,181.740005,181.740005,5979400
2017-09-12,182.550003,185.330002,180.639999,185.149994,185.149994,6689600
2017-09-13,184.070007,184.500000,182.550003,183.639999,183.639999,4320300
2017-09-14,183.250000,185.289993,182.070007,182.630005,182.630005,4510700
2017-09-15,182.729996,184.929993,181.429993,182.350006,182.350006,5591700
2017-09-18,183.610001,185.449997,182.729996,184.619995,184.619995,5359600
2017-09-19,184.979996,186.229996,184.169998,185.679993,185.679993,4982100
2017-09-20,186.100006,186.500000,183.199997,185.509995,185.509995,4625000
2017-09-21,185.820007,189.949997,184.509995,188.779999,188.779999,7148100
2017-09-22,188.399994,189.850006,186.389999,187.350006,187.350006,5464300
2017-09-25,186.460007,186.550003,177.699997,178.550003,178.550003,9367200
2017-09-26,180.699997,180.949997,176.550003,179.380005,179.380005,5602500
2017-09-27,181.009995,183.339996,180.699997,181.970001,181.970001,5710500
2017-09-28,181.250000,181.949997,179.360001,180.699997,180.699997,4077000
2017-09-29,180.729996,182.899994,180.649994,181.350006,181.350006,4227900
2017-10-02,182.110001,182.800003,176.580002,177.009995,177.009995,7342000
2017-10-03,177.649994,179.699997,177.550003,179.190002,179.190002,3956900
2017-10-04,181.410004,186.699997,181.250000,184.449997,184.449997,9235900
2017-10-05,185.649994,194.490005,184.490005,194.389999,194.389999,19412700
2017-10-06,194.300003,198.919998,192.050003,198.020004,198.020004,15348400
2017-10-09,199.100006,199.399994,196.559998,196.869995,196.869995,6971700
2017-10-10,197.850006,198.300003,192.100006,195.080002,195.080002,6233800
2017-10-11,195.570007,196.220001,193.809998,194.949997,194.949997,6450200
2017-10-12,196.750000,198.619995,194.710007,195.860001,195.860001,7753300
2017-10-13,199.699997,200.820007,197.190002,199.490005,199.490005,12081300
2017-10-16,201.949997,202.830002,197.860001,202.679993,202.679993,22105400
2017-10-17,200.110001,204.380005,197.770004,199.479996,199.479996,23900100
2017-10-18,199.990005,200.009995,194.250000,195.539993,195.539993,11198900
2017-10-19,193.009995,195.250000,191.160004,195.130005,195.130005,7034600
2017-10-20,195.899994,196.380005,193.770004,194.160004,194.160004,5995600
2017-10-23,194.169998,194.899994,191.029999,192.470001,192.470001,6980000
2017-10-24,192.750000,196.740005,191.399994,196.020004,196.020004,7069100
2017-10-25,195.380005,197.059998,193.009995,193.770004,193.770004,5315300
2017-10-26,194.660004,197.610001,194.080002,195.210007,195.210007,5185800
2017-10-27,197.199997,200.649994,196.220001,199.539993,199.539993,8128600
2017-10-30,199.619995,201.100006,197.070007,198.369995,198.369995,5439600
2017-10-31,198.210007,198.589996,195.220001,196.429993,196.429993,5518600
2017-11-01,197.240005,199.199997,196.000000,198.000000,198.000000,5017400
2017-11-02,197.449997,199.440002,197.089996,199.320007,199.320007,3606300
2017-11-03,199.800003,200.550003,197.990005,200.009995,200.009995,3678800
2017-11-06,200.000000,202.479996,198.089996,200.130005,200.130005,5846600
2017-11-07,200.000000,200.610001,194.800003,195.889999,195.889999,6468000
2017-11-08,196.000000,197.089996,194.740005,196.440002,196.440002,4237400
2017-11-09,194.460007,194.490005,190.809998,193.899994,193.899994,5979900
2017-11-10,191.610001,192.589996,189.500000,192.020004,192.020004,6622200
2017-11-13,191.119995,196.050003,191.000000,195.080002,195.080002,4607000
2017-11-14,193.639999,195.880005,193.000000,195.710007,195.710007,3450500
2017-11-15,194.539993,195.419998,191.529999,192.119995,192.119995,4203100
2017-11-16,194.330002,197.699997,193.750000,195.509995,195.509995,5678400
2017-11-17,195.740005,195.949997,192.649994,193.199997,193.199997,3906300
2017-11-20,193.300003,194.320007,191.899994,194.100006,194.100006,3827500
2017-11-21,195.039993,197.520004,194.970001,196.229996,196.229996,4787300
2017-11-22,196.580002,196.750000,193.630005,196.320007,196.320007,5895400
2017-11-24,196.649994,196.899994,195.330002,195.750000,195.750000,2160500
2017-11-27,195.559998,195.850006,194.000000,195.050003,195.050003,3210100
2017-11-28,195.339996,199.679993,194.009995,199.179993,199.179993,6981100
2017-11-29,198.910004,199.029999,184.320007,188.149994,188.149994,14202700
2017-11-30,190.309998,190.860001,186.679993,187.580002,187.580002,6630100
2017-12-01,186.990005,189.800003,185.000000,186.820007,186.820007,6219500
2017-12-04,189.360001,189.720001,178.380005,184.039993,184.039993,9069800
2017-12-05,183.500000,188.139999,181.190002,184.210007,184.210007,5783700
2017-12-06,183.380005,186.479996,182.880005,185.300003,185.300003,5490100
2017-12-07,185.710007,187.339996,183.220001,185.199997,185.199997,4659500
2017-12-08,186.500000,189.419998,186.300003,188.539993,188.539993,4987300
2017-12-11,187.850006,189.419998,185.910004,186.220001,186.220001,5298600
2017-12-12,186.009995,187.850006,184.820007,185.729996,185.729996,4265900
2017-12-13,186.100006,188.690002,185.410004,187.860001,187.860001,4710000
2017-12-14,187.979996,192.639999,187.199997,189.559998,189.559998,7792800
2017-12-15,189.610001,191.429993,188.009995,190.119995,190.119995,7285600
2017-12-18,191.199997,191.649994,188.899994,190.419998,190.419998,5011000
2017-12-19,190.179993,190.300003,185.750000,187.020004,187.020004,7033000
2017-12-20,187.940002,189.110001,185.259995,188.820007,188.820007,6545400
2017-12-21,189.440002,190.949997,187.580002,188.619995,188.619995,4729800
2017-12-22,188.330002,190.949997,186.800003,189.940002,189.940002,3878900
2017-12-26,189.779999,189.940002,186.399994,187.759995,187.759995,3045700
2017-12-27,187.800003,188.100006,185.220001,186.240005,186.240005,4002100
2017-12-28,187.179993,194.490005,186.850006,192.710007,192.710007,10107400
2017-12-29,192.509995,193.949997,191.220001,191.960007,191.960007,5187600